,name,speices
0,oriolus_xc101377_4425.png,oriolus
1,rubecula_xc70124_885.png,rubecula
2,caudatus_xc101371_295.png,caudatus
3,frugilegus_xc143002_590.png,frugilegus
4,colchicus_xc149146_295.png,colchicus
5,coelebs_xc121597_5605.png,coelebs
6,totanus_xc110167_295.png,totanus
7,citrinella_xc102107_1770.png,citrinella
8,collybita_xc153833_4130.png,collybita
9,europaea_xc99937_590.png,europaea
10,regulus_xc106846_295.png,regulus
11,rubecula_xc30390_2065.png,rubecula
12,pratensis_xc30614_885.png,pratensis
13,schoenobaenus_xc120666_885.png,schoenobaenus
14,urbicum_xc133444_1770.png,urbicum
15,megarhynchos_xc123808_4425.png,megarhynchos
16,cannabina_xc125782_4720.png,cannabina
17,schoeniclus_xc86327_885.png,schoeniclus
18,vanellus_xc97982_2360.png,vanellus
19,montanus_xc143465_5900.png,montanus
20,corax_xc64735_295.png,corax
21,torquilla_xc133054_2360.png,torquilla
22,ater_xc132149_2360.png,ater
23,fluviatilis_xc110303_2360.png,fluviatilis
24,atricapilla_xc94967_0.png,atricapilla
25,cannabina_xc145534_3540.png,cannabina
26,canadensis_xc94584_295.png,canadensis
27,aluco_xc64728_590.png,aluco
28,rustica_xc157279_2065.png,rustica
29,vanellus_xc27060_2655.png,vanellus
30,coelebs_xc42803_1180.png,coelebs
31,vanellus_xc27060_1770.png,vanellus
32,iliacus_xc121168_885.png,iliacus
33,caeruleus_xc44203_1770.png,caeruleus
34,rustica_xc157331_4130.png,rustica
35,atricapilla_xc94967_4425.png,atricapilla
36,borin_xc146260_4130.png,borin
37,scirpaceus_xc27999_2065.png,scirpaceus
38,arvensis_xc123169_15635.png,arvensis
39,atricapilla_xc94967_1475.png,atricapilla
40,vanellus_xc27060_1180.png,vanellus
41,arvensis_xc123170_0.png,arvensis
42,ater_xc132149_1475.png,ater
43,apiaster_xc141026_0.png,apiaster
44,urbicum_xc142697_590.png,urbicum
45,calandra_xc123168_1475.png,calandra
46,montanus_xc143465_3835.png,montanus
47,arvensis_xc123170_18880.png,arvensis
48,pratensis_xc142431_2360.png,pratensis
49,palumbus_xc94614_1770.png,palumbus
50,calandra_xc123168_1770.png,calandra
51,chloropus_xc26789_2065.png,chloropus
52,ater_xc95058_885.png,ater
53,citrinella_xc102107_1475.png,citrinella
54,schoeniclus_xc102803_590.png,schoeniclus
55,vulgaris_xc144382_1180.png,vulgaris
56,argentatus_xc125486_295.png,argentatus
57,trochilus_xc121601_0.png,trochilus
58,cannabina_xc125782_3835.png,cannabina
59,trochilus_xc121601_11505.png,trochilus
60,arvensis_xc123170_12095.png,arvensis
61,philomelos_xc146756_1180.png,philomelos
62,cannabina_xc125782_3540.png,cannabina
63,alpina_xc83894_0.png,alpina
64,arvensis_xc123169_1475.png,arvensis
65,urbicum_xc148465_2655.png,urbicum
66,decaocto_xc128851_885.png,decaocto
67,rubecula_xc30390_4130.png,rubecula
68,arvensis_xc123169_4720.png,arvensis
69,schoenobaenus_xc120666_5900.png,schoenobaenus
70,philomelos_xc146756_1770.png,philomelos
71,montanus_xc143465_3540.png,montanus
72,calandra_xc125777_8850.png,calandra
73,corax_xc42224_0.png,corax
74,cannabina_xc125782_1770.png,cannabina
75,chloris_xc124013_0.png,chloris
76,cannabina_xc145534_2655.png,cannabina
77,rustica_xc157331_3245.png,rustica
78,oriolus_xc27152_2655.png,oriolus
79,arvensis_xc158166_3245.png,arvensis
80,montanus_xc143465_4130.png,montanus
81,chloropus_xc82701_1770.png,chloropus
82,cannabina_xc125782_2065.png,cannabina
83,collybita_xc153833_2950.png,collybita
84,megarhynchos_xc123810_2950.png,megarhynchos
85,trochilus_xc121601_3835.png,trochilus
86,pratensis_xc142431_590.png,pratensis
87,trochilus_xc99529_590.png,trochilus
88,apiaster_xc141026_590.png,apiaster
89,montanus_xc143465_6195.png,montanus
90,phoenicurus_xc76762_1475.png,phoenicurus
91,ostralegus_xc25754_295.png,ostralegus
92,megarhynchos_xc123810_4720.png,megarhynchos
93,curvirostra_xc99862_0.png,curvirostra
94,torquilla_xc133054_3540.png,torquilla
95,ater_xc132149_295.png,ater
96,calandra_xc123167_1475.png,calandra
97,glareola_xc102869_885.png,glareola
98,rubecula_xc30390_4720.png,rubecula
99,borin_xc102932_3835.png,borin
100,megarhynchos_xc123808_14750.png,megarhynchos
101,canorus_xc37447_0.png,canorus
102,borin_xc146260_10030.png,borin
103,striata_xc134042_295.png,striata
104,philomelos_xc132392_8555.png,philomelos
105,domesticus_xc151150_1475.png,domesticus
106,montanus_xc98691_0.png,montanus
107,curvirostra_xc94211_0.png,curvirostra
108,arvensis_xc123169_5015.png,arvensis
109,arvensis_xc158166_7080.png,arvensis
110,argentatus_xc125486_0.png,argentatus
111,rustica_xc157331_0.png,rustica
112,aluco_xc76765_590.png,aluco
113,calandra_xc123168_4130.png,calandra
114,familiaris_xc130409_295.png,familiaris
115,borin_xc146260_15930.png,borin
116,borin_xc146260_14160.png,borin
117,argentatus_xc126481_885.png,argentatus
118,megarhynchos_xc123808_2065.png,megarhynchos
119,arvensis_xc123170_5015.png,arvensis
120,palustris_xc64685_0.png,palustris
121,atricapilla_xc94967_4130.png,atricapilla
122,schoeniclus_xc102803_295.png,schoeniclus
123,coelebs_xc122548_590.png,coelebs
124,torquilla_xc133471_2655.png,torquilla
125,arvensis_xc123169_8555.png,arvensis
126,decaocto_xc101940_885.png,decaocto
127,montanus_xc43764_885.png,montanus
128,calandra_xc123167_8850.png,calandra
129,fluviatilis_xc140557_2065.png,fluviatilis
130,communis_xc76742_590.png,communis
131,fluviatilis_xc110303_1475.png,fluviatilis
132,fluviatilis_xc140557_885.png,fluviatilis
133,ostralegus_xc53817_2360.png,ostralegus
134,urbicum_xc148465_2065.png,urbicum
135,calandra_xc123168_6490.png,calandra
136,apricaria_xc42344_2360.png,apricaria
137,cannabina_xc125782_2950.png,cannabina
138,fluviatilis_xc110303_2950.png,fluviatilis
139,megarhynchos_xc132580_590.png,megarhynchos
140,chloropus_xc26789_1770.png,chloropus
141,stellata_xc58579_5310.png,stellata
142,torquilla_xc133471_3540.png,torquilla
143,calandra_xc125777_3245.png,calandra
144,merula_xc127996_7375.png,merula
145,megarhynchos_xc123810_1475.png,megarhynchos
146,philomelos_xc96608_3540.png,philomelos
147,rubecula_xc133862_2360.png,rubecula
148,ostralegus_xc25754_0.png,ostralegus
149,borin_xc49443_1475.png,borin
150,communis_xc76742_1475.png,communis
151,philomelos_xc132392_295.png,philomelos
152,citrinella_xc102107_1180.png,citrinella
153,rustica_xc157322_2950.png,rustica
154,philomelos_xc132392_14455.png,philomelos
155,arvensis_xc123170_6195.png,arvensis
156,ater_xc132149_4130.png,ater
157,oriolus_xc101377_4130.png,oriolus
158,urbicum_xc142697_295.png,urbicum
159,coelebs_xc121597_5015.png,coelebs
160,pratensis_xc142431_295.png,pratensis
161,borin_xc146260_13570.png,borin
162,torquilla_xc133471_4720.png,torquilla
163,borin_xc146260_15340.png,borin
164,trivialis_xc99299_0.png,trivialis
165,aluco_xc67089_885.png,aluco
166,familiaris_xc130409_2360.png,familiaris
167,chloropus_xc82701_2360.png,chloropus
168,palumbus_xc94614_295.png,palumbus
169,collybita_xc153833_590.png,collybita
170,sibilatrix_xc101934_590.png,sibilatrix
171,torquilla_xc133471_1770.png,torquilla
172,montanus_xc143465_2655.png,montanus
173,scirpaceus_xc124053_3245.png,scirpaceus
174,calandra_xc123168_0.png,calandra
175,trivialis_xc83705_590.png,trivialis
176,pratensis_xc142431_885.png,pratensis
177,stellata_xc58573_1180.png,stellata
178,perdix_xc42430_0.png,perdix
179,caeruleus_xc131316_0.png,caeruleus
180,arvensis_xc123170_11800.png,arvensis
181,rustica_xc157331_7670.png,rustica
182,pratensis_xc30614_590.png,pratensis
183,scirpaceus_xc27999_2360.png,scirpaceus
184,trochilus_xc121601_4130.png,trochilus
185,montanus_xc143465_6785.png,montanus
186,oriolus_xc27152_2360.png,oriolus
187,montanus_xc91185_0.png,montanus
188,arvensis_xc123170_6785.png,arvensis
189,martius_xc155975_885.png,martius
190,merula_xc127996_3540.png,merula
191,chloris_xc99155_0.png,chloris
192,aguimp_xc41428_0.png,aguimp
193,urbicum_xc148465_2360.png,urbicum
194,borin_xc102932_2950.png,borin
195,calandra_xc123167_2950.png,calandra
196,pyrrhula_xc146707_590.png,pyrrhula
197,borin_xc146260_10325.png,borin
198,philomelos_xc132392_13865.png,philomelos
199,merula_xc127996_10030.png,merula
200,pratensis_xc138979_1180.png,pratensis
201,megarhynchos_xc123808_2655.png,megarhynchos
202,stellata_xc58579_3540.png,stellata
203,arvensis_xc123170_5900.png,arvensis
204,arvensis_xc123169_16225.png,arvensis
205,fluviatilis_xc110303_1180.png,fluviatilis
206,turtur_xc40186_0.png,turtur
207,borin_xc146260_590.png,borin
208,rubecula_xc30390_5310.png,rubecula
209,arvensis_xc123170_885.png,arvensis
210,urbicum_xc133444_1180.png,urbicum
211,megarhynchos_xc123808_590.png,megarhynchos
212,curvirostra_xc99862_2065.png,curvirostra
213,vanellus_xc97982_1475.png,vanellus
214,megarhynchos_xc123810_7080.png,megarhynchos
215,merula_xc127996_3245.png,merula
216,arvensis_xc158166_6490.png,arvensis
217,caudatus_xc101371_590.png,caudatus
218,troglodytes_xc133872_1475.png,troglodytes
219,arvensis_xc123169_20355.png,arvensis
220,communis_xc135521_2065.png,communis
221,flava_xc36637_295.png,flava
222,modularis_xc145537_0.png,modularis
223,arvensis_xc123170_11505.png,arvensis
224,pratensis_xc142431_1475.png,pratensis
225,chloropus_xc26789_3835.png,chloropus
226,rustica_xc157279_2655.png,rustica
227,rustica_xc157331_9145.png,rustica
228,oriolus_xc27152_0.png,oriolus
229,schoenobaenus_xc120664_0.png,schoenobaenus
230,scirpaceus_xc124053_2360.png,scirpaceus
231,borin_xc146260_13275.png,borin
232,rubecula_xc133862_0.png,rubecula
233,calandra_xc123167_4425.png,calandra
234,aluco_xc76765_295.png,aluco
235,lagopus_xc130283_1475.png,lagopus
236,philomelos_xc132392_590.png,philomelos
237,arvensis_xc123169_2950.png,arvensis
238,philomelos_xc96608_1770.png,philomelos
239,urbicum_xc133444_295.png,urbicum
240,domesticus_xc134291_295.png,domesticus
241,merula_xc72861_1180.png,merula
242,troglodytes_xc133872_885.png,troglodytes
243,modularis_xc94669_0.png,modularis
244,megarhynchos_xc123810_3245.png,megarhynchos
245,borin_xc102932_1770.png,borin
246,chloris_xc99155_590.png,chloris
247,calandra_xc123167_7375.png,calandra
248,aluco_xc76765_0.png,aluco
249,merula_xc127996_2950.png,merula
250,oenas_xc77429_885.png,oenas
251,scirpaceus_xc27999_0.png,scirpaceus
252,rustica_xc157331_6490.png,rustica
253,domesticus_xc134291_885.png,domesticus
254,arvensis_xc123170_18290.png,arvensis
255,merula_xc127996_4425.png,merula
256,megarhynchos_xc123808_0.png,megarhynchos
257,calandra_xc123168_5605.png,calandra
258,trivialis_xc83705_0.png,trivialis
259,urbicum_xc133444_1475.png,urbicum
260,striata_xc139372_590.png,striata
261,troglodytes_xc71024_3835.png,troglodytes
262,ater_xc98842_885.png,ater
263,curvirostra_xc99862_590.png,curvirostra
264,arvensis_xc158166_4130.png,arvensis
265,curvirostra_xc99862_1475.png,curvirostra
266,fluviatilis_xc110303_3245.png,fluviatilis
267,troglodytes_xc71024_0.png,troglodytes
268,gallinago_xc135270_0.png,gallinago
269,philomelos_xc132392_4425.png,philomelos
270,rubecula_xc30390_5900.png,rubecula
271,regulus_xc49540_1475.png,regulus
272,urbicum_xc148465_885.png,urbicum
273,philomelos_xc132392_13275.png,philomelos
274,coelebs_xc122548_2065.png,coelebs
275,calandra_xc125777_7670.png,calandra
276,arvensis_xc123170_8850.png,arvensis
277,troglodytes_xc71024_2655.png,troglodytes
278,arvensis_xc158166_4720.png,arvensis
279,phoenicurus_xc76762_885.png,phoenicurus
280,torquilla_xc133054_4130.png,torquilla
281,borin_xc49443_3245.png,borin
282,arvensis_xc123170_7670.png,arvensis
283,pica_xc121016_590.png,pica
284,rubecula_xc30390_5015.png,rubecula
285,arvensis_xc123169_14455.png,arvensis
286,troglodytes_xc71024_885.png,troglodytes
287,trochilus_xc121601_7965.png,trochilus
288,coelebs_xc42803_295.png,coelebs
289,arvensis_xc123170_5310.png,arvensis
290,trochilus_xc121601_7670.png,trochilus
291,aluco_xc76765_2065.png,aluco
292,ater_xc95058_295.png,ater
293,troglodytes_xc71024_3540.png,troglodytes
294,schoeniclus_xc102803_885.png,schoeniclus
295,arvensis_xc123169_1770.png,arvensis
296,trivialis_xc33395_1770.png,trivialis
297,caeruleus_xc44203_2360.png,caeruleus
298,decaocto_xc128851_0.png,decaocto
299,regulus_xc106846_2065.png,regulus
300,domesticus_xc151150_1180.png,domesticus
301,arvensis_xc123170_590.png,arvensis
302,caeruleus_xc42178_885.png,caeruleus
303,stellata_xc58573_2065.png,stellata
304,calandra_xc125777_3835.png,calandra
305,collybita_xc153833_1475.png,collybita
306,oenas_xc77429_1770.png,oenas
307,ater_xc132149_3540.png,ater
308,merula_xc127996_10620.png,merula
309,totanus_xc83912_1180.png,totanus
310,carduelis_xc97792_590.png,carduelis
311,arvensis_xc123169_9440.png,arvensis
312,glareola_xc102869_590.png,glareola
313,montanus_xc90122_2360.png,montanus
314,pratensis_xc142431_3245.png,pratensis
315,curvirostra_xc99862_3540.png,curvirostra
316,monedula_xc156262_1475.png,monedula
317,argentatus_xc126481_295.png,argentatus
318,stellata_xc58573_590.png,stellata
319,totanus_xc83912_1475.png,totanus
320,torquilla_xc108002_0.png,torquilla
321,striata_xc103145_0.png,striata
322,megarhynchos_xc132580_885.png,megarhynchos
323,apiaster_xc97194_590.png,apiaster
324,montanus_xc90122_4425.png,montanus
325,familiaris_xc70129_885.png,familiaris
326,troglodytes_xc71024_2065.png,troglodytes
327,perdix_xc46209_0.png,perdix
328,collybita_xc153833_2065.png,collybita
329,stellata_xc58573_2360.png,stellata
330,atricapilla_xc94967_2655.png,atricapilla
331,vanellus_xc97982_885.png,vanellus
332,palustris_xc46032_590.png,palustris
333,rustica_xc157279_4425.png,rustica
334,rustica_xc157331_8850.png,rustica
335,torquilla_xc133054_590.png,torquilla
336,corax_xc64735_1475.png,corax
337,merula_xc127996_7965.png,merula
338,arvensis_xc123170_7375.png,arvensis
339,arvensis_xc158166_590.png,arvensis
340,regulus_xc49540_1770.png,regulus
341,scirpaceus_xc124052_5015.png,scirpaceus
342,merula_xc127996_10915.png,merula
343,corax_xc64735_2065.png,corax
344,torquilla_xc133471_2360.png,torquilla
345,megarhynchos_xc123808_12095.png,megarhynchos
346,ater_xc132149_1770.png,ater
347,arvensis_xc123170_13865.png,arvensis
348,cannabina_xc125782_5015.png,cannabina
349,flammea_xc132608_590.png,flammea
350,scirpaceus_xc124052_1180.png,scirpaceus
351,arvensis_xc158166_7670.png,arvensis
352,regulus_xc78958_885.png,regulus
353,pratensis_xc30614_4720.png,pratensis
354,oenas_xc89994_1180.png,oenas
355,pica_xc121016_1770.png,pica
356,scirpaceus_xc124053_3835.png,scirpaceus
357,oriolus_xc101377_3540.png,oriolus
358,borin_xc102932_1475.png,borin
359,schoenobaenus_xc120664_1180.png,schoenobaenus
360,domesticus_xc29766_590.png,domesticus
361,curvirostra_xc99862_2950.png,curvirostra
362,apiaster_xc141026_1475.png,apiaster
363,borin_xc146260_5605.png,borin
364,troglodytes_xc133872_295.png,troglodytes
365,montanus_xc143465_4425.png,montanus
366,rustica_xc157331_8260.png,rustica
367,arvensis_xc123169_11505.png,arvensis
368,arvensis_xc123169_15340.png,arvensis
369,viridis_xc153131_1475.png,viridis
370,calandra_xc123168_6195.png,calandra
371,troglodytes_xc133872_2655.png,troglodytes
372,stellata_xc58579_4130.png,stellata
373,megarhynchos_xc123810_6195.png,megarhynchos
374,arvensis_xc123170_4130.png,arvensis
375,palustris_xc46032_0.png,palustris
376,glandarius_xc46223_1475.png,glandarius
377,borin_xc49443_590.png,borin
378,pica_xc121016_885.png,pica
379,arvensis_xc123170_17110.png,arvensis
380,schoenobaenus_xc120666_4130.png,schoenobaenus
381,glareola_xc41816_590.png,glareola
382,trochilus_xc121601_5015.png,trochilus
383,cannabina_xc125782_2360.png,cannabina
384,torquilla_xc133054_2065.png,torquilla
385,trochilus_xc121601_9440.png,trochilus
386,rustica_xc157331_4720.png,rustica
387,palumbus_xc94614_4130.png,palumbus
388,borin_xc146260_8850.png,borin
389,rustica_xc157331_11800.png,rustica
390,monedula_xc121691_885.png,monedula
391,montanus_xc90122_2065.png,montanus
392,calandra_xc123167_6195.png,calandra
393,fluviatilis_xc83760_885.png,fluviatilis
394,palumbus_xc94614_5015.png,palumbus
395,schoenobaenus_xc120666_7080.png,schoenobaenus
396,merula_xc127996_8260.png,merula
397,philomelos_xc96608_1475.png,philomelos
398,cannabina_xc145534_1770.png,cannabina
399,rustica_xc157279_3835.png,rustica
400,curvirostra_xc99862_1770.png,curvirostra
401,borin_xc49443_295.png,borin
402,calandra_xc123167_2360.png,calandra
403,philomelos_xc132392_14160.png,philomelos
404,oriolus_xc27152_295.png,oriolus
405,stellata_xc58579_2950.png,stellata
406,calandra_xc123167_10620.png,calandra
407,fluviatilis_xc83760_1475.png,fluviatilis
408,coelebs_xc121597_3835.png,coelebs
409,europaea_xc28926_0.png,europaea
410,philomelos_xc96608_295.png,philomelos
411,rubecula_xc30390_2360.png,rubecula
412,sibilatrix_xc101862_295.png,sibilatrix
413,caudatus_xc113082_0.png,caudatus
414,phoenicurus_xc76760_1475.png,phoenicurus
415,cannabina_xc145534_2360.png,cannabina
416,modularis_xc94669_295.png,modularis
417,stellata_xc58579_295.png,stellata
418,cannabina_xc125782_6490.png,cannabina
419,caudatus_xc101371_885.png,caudatus
420,corone_xc96133_885.png,corone
421,citrinella_xc102107_2360.png,citrinella
422,philomelos_xc132392_11505.png,philomelos
423,megarhynchos_xc123810_885.png,megarhynchos
424,arvensis_xc123170_10915.png,arvensis
425,borin_xc146260_9735.png,borin
426,striata_xc139372_0.png,striata
427,corax_xc64735_590.png,corax
428,arvensis_xc123170_8260.png,arvensis
429,megarhynchos_xc123808_295.png,megarhynchos
430,oenas_xc77429_1475.png,oenas
431,montanus_xc164926_295.png,montanus
432,squatarola_xc160879_1770.png,squatarola
433,coelebs_xc122548_1180.png,coelebs
434,calandra_xc123168_7965.png,calandra
435,philomelos_xc132392_8850.png,philomelos
436,arvensis_xc123169_10620.png,arvensis
437,rustica_xc157331_1475.png,rustica
438,fluviatilis_xc110303_1770.png,fluviatilis
439,ostralegus_xc53817_2655.png,ostralegus
440,apiaster_xc97194_295.png,apiaster
441,cannabina_xc125782_5310.png,cannabina
442,trivialis_xc33395_590.png,trivialis
443,canadensis_xc94584_0.png,canadensis
444,argentatus_xc125486_590.png,argentatus
445,rustica_xc157331_10620.png,rustica
446,pratensis_xc30614_3245.png,pratensis
447,arvensis_xc123169_10030.png,arvensis
448,iliacus_xc27962_1475.png,iliacus
449,schoeniclus_xc102803_0.png,schoeniclus
450,vulgaris_xc101936_0.png,vulgaris
451,arvensis_xc123169_7080.png,arvensis
452,ater_xc132149_4720.png,ater
453,philomelos_xc132392_6490.png,philomelos
454,chloropus_xc26789_885.png,chloropus
455,stellata_xc58571_1475.png,stellata
456,calandra_xc123168_4720.png,calandra
457,oriolus_xc27152_2065.png,oriolus
458,apricaria_xc42344_5310.png,apricaria
459,apricaria_xc42344_295.png,apricaria
460,rustica_xc157322_3835.png,rustica
461,corone_xc98400_590.png,corone
462,calandra_xc125777_0.png,calandra
463,scirpaceus_xc27999_1475.png,scirpaceus
464,arvensis_xc158166_1180.png,arvensis
465,arvensis_xc123169_15045.png,arvensis
466,rubecula_xc133862_885.png,rubecula
467,pica_xc121016_2360.png,pica
468,torquilla_xc133054_1475.png,torquilla
469,canorus_xc37447_295.png,canorus
470,vulgaris_xc144382_0.png,vulgaris
471,cannabina_xc125782_8850.png,cannabina
472,arvensis_xc123170_9145.png,arvensis
473,philomelos_xc132392_7080.png,philomelos
474,calandra_xc123167_0.png,calandra
475,calandra_xc123167_10915.png,calandra
476,aluco_xc76765_2655.png,aluco
477,montanus_xc143465_4720.png,montanus
478,merula_xc127996_4130.png,merula
479,fluviatilis_xc140557_590.png,fluviatilis
480,stellata_xc58579_2655.png,stellata
481,alpina_xc83894_295.png,alpina
482,rustica_xc157331_11505.png,rustica
483,merula_xc94958_590.png,merula
484,oriolus_xc80356_590.png,oriolus
485,vulgaris_xc42698_2655.png,vulgaris
486,arvensis_xc123169_16815.png,arvensis
487,arvensis_xc158166_5605.png,arvensis
488,trochilus_xc121601_8555.png,trochilus
489,montanus_xc164926_2065.png,montanus
490,cannabina_xc125782_9145.png,cannabina
491,scirpaceus_xc124053_885.png,scirpaceus
492,arvensis_xc123169_12685.png,arvensis
493,palustris_xc82715_0.png,palustris
494,arvensis_xc123170_2950.png,arvensis
495,apiaster_xc97194_0.png,apiaster
496,troglodytes_xc71024_590.png,troglodytes
497,rustica_xc157331_7375.png,rustica
498,phoenicurus_xc76762_1180.png,phoenicurus
499,trochilus_xc121601_3245.png,trochilus
500,caeruleus_xc44203_0.png,caeruleus
501,schoenobaenus_xc76767_0.png,schoenobaenus
502,arvensis_xc123169_19765.png,arvensis
503,arvensis_xc123169_11800.png,arvensis
504,stellata_xc58571_295.png,stellata
505,borin_xc146260_7670.png,borin
506,decaocto_xc101940_295.png,decaocto
507,arvensis_xc123170_2360.png,arvensis
508,trivialis_xc83705_885.png,trivialis
509,merula_xc127996_8850.png,merula
510,decaocto_xc101940_0.png,decaocto
511,chloropus_xc82701_590.png,chloropus
512,phoenicurus_xc76762_590.png,phoenicurus
513,rubecula_xc133862_1180.png,rubecula
514,arvensis_xc123170_16520.png,arvensis
515,megarhynchos_xc123810_5900.png,megarhynchos
516,communis_xc135521_1475.png,communis
517,ostralegus_xc76241_2065.png,ostralegus
518,scirpaceus_xc124052_2950.png,scirpaceus
519,regulus_xc49540_295.png,regulus
520,montanus_xc143465_1180.png,montanus
521,merula_xc127996_10325.png,merula
522,calandra_xc123167_11505.png,calandra
523,calandra_xc123167_6785.png,calandra
524,apiaster_xc148426_590.png,apiaster
525,totanus_xc57919_0.png,totanus
526,merula_xc127996_1770.png,merula
527,arvensis_xc123169_18880.png,arvensis
528,torquilla_xc133471_1475.png,torquilla
529,modularis_xc70132_1770.png,modularis
530,scirpaceus_xc124052_3245.png,scirpaceus
531,vanellus_xc27060_1475.png,vanellus
532,rustica_xc157279_2950.png,rustica
533,europaea_xc99937_885.png,europaea
534,communis_xc76740_0.png,communis
535,squatarola_xc160879_885.png,squatarola
536,gallinago_xc27080_885.png,gallinago
537,apricaria_xc85842_0.png,apricaria
538,monedula_xc156262_0.png,monedula
539,familiaris_xc130409_2065.png,familiaris
540,caeruleus_xc131316_1475.png,caeruleus
541,carduelis_xc133880_0.png,carduelis
542,decaocto_xc101941_0.png,decaocto
543,fluviatilis_xc140557_295.png,fluviatilis
544,oriolus_xc80356_295.png,oriolus
545,borin_xc146260_6490.png,borin
546,sibilatrix_xc101862_2065.png,sibilatrix
547,ater_xc132149_1180.png,ater
548,borin_xc146260_8555.png,borin
549,iliacus_xc27962_2065.png,iliacus
550,rubecula_xc30390_3835.png,rubecula
551,arvensis_xc123170_19765.png,arvensis
552,urbicum_xc142697_0.png,urbicum
553,regulus_xc49540_2065.png,regulus
554,trochilus_xc121601_10030.png,trochilus
555,megarhynchos_xc123808_7080.png,megarhynchos
556,rustica_xc157331_13275.png,rustica
557,ater_xc132149_885.png,ater
558,collybita_xc153833_1180.png,collybita
559,aluco_xc67089_1770.png,aluco
560,atra_xc130639_0.png,atra
561,frugilegus_xc143002_885.png,frugilegus
562,urbicum_xc133444_590.png,urbicum
563,torquilla_xc133471_1180.png,torquilla
564,vulgaris_xc144382_2065.png,vulgaris
565,borin_xc146260_3540.png,borin
566,apiaster_xc148426_1475.png,apiaster
567,apus_xc77645_295.png,apus
568,trochilus_xc121601_14160.png,trochilus
569,cannabina_xc125782_4130.png,cannabina
570,pica_xc121016_0.png,pica
571,totanus_xc110167_885.png,totanus
572,palumbus_xc94615_885.png,palumbus
573,chloropus_xc26789_3245.png,chloropus
574,collybita_xc153833_4425.png,collybita
575,collybita_xc153833_885.png,collybita
576,glandarius_xc46223_885.png,glandarius
577,calandra_xc123168_2065.png,calandra
578,coelebs_xc121597_0.png,coelebs
579,borin_xc146260_16225.png,borin
580,arvensis_xc158166_2655.png,arvensis
581,scirpaceus_xc124052_4720.png,scirpaceus
582,oriolus_xc101377_2065.png,oriolus
583,coelebs_xc42803_3835.png,coelebs
584,oenas_xc89994_1475.png,oenas
585,pratensis_xc30614_4425.png,pratensis
586,apus_xc67307_0.png,apus
587,montanus_xc143465_7080.png,montanus
588,oriolus_xc101377_1770.png,oriolus
589,domesticus_xc134291_0.png,domesticus
590,stellata_xc58573_0.png,stellata
591,calandra_xc123167_8555.png,calandra
592,chloropus_xc26789_5015.png,chloropus
593,philomelos_xc132392_3835.png,philomelos
594,borin_xc146260_3835.png,borin
595,scirpaceus_xc124053_5015.png,scirpaceus
596,sibilatrix_xc101935_0.png,sibilatrix
597,perdix_xc42430_590.png,perdix
598,megarhynchos_xc123808_3540.png,megarhynchos
599,schoenobaenus_xc120666_2655.png,schoenobaenus
600,rustica_xc157331_5310.png,rustica
601,cannabina_xc145534_590.png,cannabina
602,philomelos_xc132392_10030.png,philomelos
603,vulgaris_xc42698_1180.png,vulgaris
604,rustica_xc157331_5605.png,rustica
605,montanus_xc143465_7375.png,montanus
606,citrinella_xc145533_1475.png,citrinella
607,calandra_xc125777_885.png,calandra
608,coelebs_xc121597_3540.png,coelebs
609,calandra_xc123167_1770.png,calandra
610,oriolus_xc27152_1180.png,oriolus
611,calandra_xc123168_5015.png,calandra
612,flammea_xc132611_0.png,flammea
613,rustica_xc157331_1770.png,rustica
614,rustica_xc157331_12390.png,rustica
615,decaocto_xc101940_1180.png,decaocto
616,totanus_xc83912_0.png,totanus
617,arvensis_xc123170_2065.png,arvensis
618,citrinella_xc145533_1770.png,citrinella
619,perdix_xc46211_0.png,perdix
620,troglodytes_xc59776_295.png,troglodytes
621,arvensis_xc123170_14750.png,arvensis
622,colchicus_xc121326_295.png,colchicus
623,stellata_xc58571_0.png,stellata
624,decaocto_xc101941_295.png,decaocto
625,arvensis_xc123170_9735.png,arvensis
626,torquilla_xc108002_295.png,torquilla
627,arvensis_xc123169_7375.png,arvensis
628,decaocto_xc128851_1475.png,decaocto
629,regulus_xc78958_295.png,regulus
630,totanus_xc83912_1770.png,totanus
631,calandra_xc123167_9440.png,calandra
632,aguimp_xc125137_295.png,aguimp
633,pratensis_xc142431_2065.png,pratensis
634,calandra_xc123167_3540.png,calandra
635,oriolus_xc101377_590.png,oriolus
636,palustris_xc26578_0.png,palustris
637,apivorus_xc145738_590.png,apivorus
638,atricapilla_xc94967_1180.png,atricapilla
639,rubecula_xc133862_590.png,rubecula
640,philomelos_xc132392_9145.png,philomelos
641,oenas_xc82971_0.png,oenas
642,montanus_xc43764_590.png,montanus
643,phoenicurus_xc76761_0.png,phoenicurus
644,domesticus_xc29766_1180.png,domesticus
645,oenas_xc89994_1770.png,oenas
646,megarhynchos_xc123808_10030.png,megarhynchos
647,schoeniclus_xc86327_1475.png,schoeniclus
648,megarhynchos_xc123810_0.png,megarhynchos
649,calandra_xc123167_7965.png,calandra
650,trochilus_xc121601_1180.png,trochilus
651,cannabina_xc102060_590.png,cannabina
652,major_xc71454_0.png,major
653,urbicum_xc142697_1475.png,urbicum
654,collybita_xc71748_590.png,collybita
655,citrinella_xc102106_0.png,citrinella
656,atricapilla_xc99357_1180.png,atricapilla
657,troglodytes_xc71024_1770.png,troglodytes
658,calandra_xc123168_8850.png,calandra
659,domesticus_xc29766_0.png,domesticus
660,rubecula_xc30390_3245.png,rubecula
661,cannabina_xc125782_7080.png,cannabina
662,vulgaris_xc42698_1475.png,vulgaris
663,alpina_xc83894_885.png,alpina
664,borin_xc146260_9440.png,borin
665,coelebs_xc121597_4130.png,coelebs
666,merula_xc127996_6785.png,merula
667,aluco_xc76765_2360.png,aluco
668,arvensis_xc158166_7375.png,arvensis
669,megarhynchos_xc123808_5310.png,megarhynchos
670,urbicum_xc133444_0.png,urbicum
671,familiaris_xc130409_590.png,familiaris
672,colchicus_xc149146_590.png,colchicus
673,frugilegus_xc27145_295.png,frugilegus
674,schoenobaenus_xc120666_3835.png,schoenobaenus
675,arvensis_xc123169_19470.png,arvensis
676,totanus_xc83912_3245.png,totanus
677,oriolus_xc80356_0.png,oriolus
678,corax_xc64735_2360.png,corax
679,vanellus_xc97982_0.png,vanellus
680,schoenobaenus_xc120666_3245.png,schoenobaenus
681,vulgaris_xc42698_885.png,vulgaris
682,decaocto_xc101941_590.png,decaocto
683,atricapilla_xc94967_3540.png,atricapilla
684,borin_xc102932_4425.png,borin
685,rustica_xc157331_6195.png,rustica
686,major_xc122555_1770.png,major
687,colchicus_xc121326_0.png,colchicus
688,philomelos_xc132392_15930.png,philomelos
689,caeruleus_xc131316_295.png,caeruleus
690,caeruleus_xc44203_885.png,caeruleus
691,lagopus_xc71943_0.png,lagopus
692,scirpaceus_xc124053_4425.png,scirpaceus
693,borin_xc146260_1770.png,borin
694,pica_xc29230_0.png,pica
695,communis_xc135521_590.png,communis
696,chloropus_xc26789_2360.png,chloropus
697,rustica_xc157279_3245.png,rustica
698,chloropus_xc26789_6195.png,chloropus
699,flava_xc102788_1180.png,flava
700,montanus_xc164926_1180.png,montanus
701,megarhynchos_xc123808_885.png,megarhynchos
702,apiaster_xc141026_1180.png,apiaster
703,glandarius_xc46223_1770.png,glandarius
704,arvensis_xc123170_4720.png,arvensis
705,modularis_xc70132_1180.png,modularis
706,torquilla_xc133471_3835.png,torquilla
707,fluviatilis_xc140557_2950.png,fluviatilis
708,stellata_xc58579_5605.png,stellata
709,apricaria_xc42343_0.png,apricaria
710,cannabina_xc125782_0.png,cannabina
711,borin_xc146260_14455.png,borin
712,apiaster_xc141026_1770.png,apiaster
713,montanus_xc143465_5310.png,montanus
714,aguimp_xc41428_590.png,aguimp
715,vulgaris_xc42698_2950.png,vulgaris
716,philomelos_xc132392_2655.png,philomelos
717,modularis_xc70132_1475.png,modularis
718,calandra_xc123167_590.png,calandra
719,rustica_xc157279_0.png,rustica
720,philomelos_xc132392_10325.png,philomelos
721,ostralegus_xc53817_1180.png,ostralegus
722,rustica_xc157331_10325.png,rustica
723,chloropus_xc26789_0.png,chloropus
724,arvensis_xc123170_18585.png,arvensis
725,borin_xc146260_4720.png,borin
726,merula_xc127996_7670.png,merula
727,vanellus_xc27060_2360.png,vanellus
728,calandra_xc123168_295.png,calandra
729,ostralegus_xc53817_2065.png,ostralegus
730,atricapilla_xc99357_0.png,atricapilla
731,monedula_xc121691_590.png,monedula
732,curvirostra_xc99862_885.png,curvirostra
733,megarhynchos_xc123810_295.png,megarhynchos
734,trivialis_xc99299_1180.png,trivialis
735,argentatus_xc126481_590.png,argentatus
736,arvensis_xc123169_5310.png,arvensis
737,philomelos_xc132392_1770.png,philomelos
738,apricaria_xc42344_1475.png,apricaria
739,cannabina_xc102060_885.png,cannabina
740,squatarola_xc160879_2065.png,squatarola
741,sibilatrix_xc101935_1180.png,sibilatrix
742,aguimp_xc125137_885.png,aguimp
743,merula_xc72861_295.png,merula
744,trochilus_xc121601_5605.png,trochilus
745,apus_xc139552_0.png,apus
746,sibilatrix_xc101862_1180.png,sibilatrix
747,citrinella_xc102107_2065.png,citrinella
748,canadensis_xc35578_295.png,canadensis
749,palumbus_xc94614_1475.png,palumbus
750,aluco_xc64728_0.png,aluco
751,rustica_xc157279_295.png,rustica
752,flava_xc102788_590.png,flava
753,schoenobaenus_xc120664_295.png,schoenobaenus
754,vanellus_xc69855_590.png,vanellus
755,arvensis_xc123170_15340.png,arvensis
756,schoenobaenus_xc120666_7375.png,schoenobaenus
757,striata_xc103145_295.png,striata
758,calandra_xc125777_3540.png,calandra
759,arvensis_xc123169_5900.png,arvensis
760,arvensis_xc123170_15930.png,arvensis
761,rubecula_xc133862_2655.png,rubecula
762,canadensis_xc95381_0.png,canadensis
763,pyrrhula_xc146707_295.png,pyrrhula
764,calandra_xc123167_1180.png,calandra
765,curruca_xc101932_0.png,curruca
766,apricaria_xc42343_885.png,apricaria
767,familiaris_xc70129_0.png,familiaris
768,arvensis_xc158166_6785.png,arvensis
769,schoenobaenus_xc120666_1770.png,schoenobaenus
770,curruca_xc101932_295.png,curruca
771,glandarius_xc46223_0.png,glandarius
772,corax_xc64735_2950.png,corax
773,schoeniclus_xc86327_590.png,schoeniclus
774,calandra_xc125777_5605.png,calandra
775,philomelos_xc132392_14750.png,philomelos
776,montanus_xc90122_2950.png,montanus
777,arvensis_xc123170_7080.png,arvensis
778,troglodytes_xc71024_1180.png,troglodytes
779,ater_xc98842_590.png,ater
780,montanus_xc164926_1475.png,montanus
781,stellata_xc58571_1770.png,stellata
782,rustica_xc157331_12685.png,rustica
783,megarhynchos_xc123808_1475.png,megarhynchos
784,rubecula_xc30390_6195.png,rubecula
785,chloropus_xc26789_2950.png,chloropus
786,flava_xc102788_885.png,flava
787,megarhynchos_xc123810_1770.png,megarhynchos
788,collybita_xc121963_0.png,collybita
789,arvensis_xc123169_17405.png,arvensis
790,chloropus_xc82701_2065.png,chloropus
791,cannabina_xc145534_1180.png,cannabina
792,martius_xc155975_0.png,martius
793,montanus_xc90122_4130.png,montanus
794,corax_xc64735_2655.png,corax
795,ostralegus_xc76241_1475.png,ostralegus
796,calandra_xc123167_2655.png,calandra
797,citrinella_xc145533_885.png,citrinella
798,apricaria_xc42344_885.png,apricaria
799,stellata_xc58579_3245.png,stellata
800,sibilatrix_xc101862_0.png,sibilatrix
801,borin_xc102932_2360.png,borin
802,cannabina_xc125782_1180.png,cannabina
803,corax_xc143170_0.png,corax
804,chloropus_xc82701_295.png,chloropus
805,arvensis_xc123169_7965.png,arvensis
806,striata_xc139372_1180.png,striata
807,trochilus_xc121601_1770.png,trochilus
808,ater_xc95058_0.png,ater
809,megarhynchos_xc123808_8850.png,megarhynchos
810,trochilus_xc121601_7375.png,trochilus
811,montanus_xc143465_885.png,montanus
812,palustris_xc64686_295.png,palustris
813,calandra_xc125777_6195.png,calandra
814,borin_xc146260_6195.png,borin
815,montanus_xc98691_295.png,montanus
816,calandra_xc123167_7080.png,calandra
817,sibilatrix_xc101862_1475.png,sibilatrix
818,fluviatilis_xc110303_2655.png,fluviatilis
819,oriolus_xc27152_1770.png,oriolus
820,citrinella_xc145533_2065.png,citrinella
821,borin_xc146260_15045.png,borin
822,ostralegus_xc53817_295.png,ostralegus
823,philomelos_xc96608_1180.png,philomelos
824,merula_xc127996_5900.png,merula
825,arvensis_xc158166_2360.png,arvensis
826,trivialis_xc33395_295.png,trivialis
827,philomelos_xc132392_12685.png,philomelos
828,fluviatilis_xc110303_295.png,fluviatilis
829,carduelis_xc133886_295.png,carduelis
830,montanus_xc143465_6490.png,montanus
831,borin_xc49443_1180.png,borin
832,trivialis_xc83705_1475.png,trivialis
833,corone_xc98400_1180.png,corone
834,chloropus_xc82701_2655.png,chloropus
835,merula_xc127996_4720.png,merula
836,philomelos_xc146756_295.png,philomelos
837,oriolus_xc27152_1475.png,oriolus
838,philomelos_xc132392_11800.png,philomelos
839,atricapilla_xc94967_2360.png,atricapilla
840,collybita_xc121963_295.png,collybita
841,atra_xc31059_295.png,atra
842,montanus_xc143465_3245.png,montanus
843,lagopus_xc149806_885.png,lagopus
844,arvensis_xc123170_3835.png,arvensis
845,phoenicurus_xc76762_0.png,phoenicurus
846,alpina_xc83894_1180.png,alpina
847,glareola_xc102869_295.png,glareola
848,merula_xc72861_590.png,merula
849,caeruleus_xc44203_295.png,caeruleus
850,troglodytes_xc59776_590.png,troglodytes
851,coelebs_xc122548_2950.png,coelebs
852,megarhynchos_xc123808_8555.png,megarhynchos
853,martius_xc155975_590.png,martius
854,regulus_xc106846_2360.png,regulus
855,scirpaceus_xc124053_2950.png,scirpaceus
856,palumbus_xc94614_0.png,palumbus
857,coelebs_xc121597_1475.png,coelebs
858,canadensis_xc95381_295.png,canadensis
859,palumbus_xc94614_3245.png,palumbus
860,coelebs_xc122548_1475.png,coelebs
861,philomelos_xc132392_5310.png,philomelos
862,arvensis_xc123169_8850.png,arvensis
863,cannabina_xc145534_0.png,cannabina
864,ostralegus_xc53817_590.png,ostralegus
865,collybita_xc153833_3835.png,collybita
866,borin_xc49443_2065.png,borin
867,frugilegus_xc27145_590.png,frugilegus
868,gallinago_xc27080_590.png,gallinago
869,trochilus_xc121601_295.png,trochilus
870,arvensis_xc123169_18585.png,arvensis
871,calandra_xc123167_12390.png,calandra
872,viridis_xc153131_885.png,viridis
873,vulgaris_xc144382_885.png,vulgaris
874,aluco_xc76765_885.png,aluco
875,pratensis_xc30614_1770.png,pratensis
876,aguimp_xc125137_1475.png,aguimp
877,monedula_xc121691_0.png,monedula
878,megarhynchos_xc132580_0.png,megarhynchos
879,arvensis_xc123170_8555.png,arvensis
880,montanus_xc164926_885.png,montanus
881,corax_xc64735_3245.png,corax
882,canadensis_xc35578_0.png,canadensis
883,rustica_xc157331_6785.png,rustica
884,trochilus_xc121601_14750.png,trochilus
885,borin_xc49443_3835.png,borin
886,borin_xc146260_10620.png,borin
887,regulus_xc49540_590.png,regulus
888,schoeniclus_xc102048_295.png,schoeniclus
889,oriolus_xc101377_2360.png,oriolus
890,calandra_xc123167_3245.png,calandra
891,rustica_xc157331_2065.png,rustica
892,corax_xc64735_0.png,corax
893,argentatus_xc154285_590.png,argentatus
894,aluco_xc76765_1180.png,aluco
895,megarhynchos_xc123808_13570.png,megarhynchos
896,arvensis_xc123170_19175.png,arvensis
897,borin_xc102932_2655.png,borin
898,calandra_xc123167_5605.png,calandra
899,schoenobaenus_xc120666_4720.png,schoenobaenus
900,rustica_xc157331_12095.png,rustica
901,cannabina_xc102060_0.png,cannabina
902,ater_xc98842_295.png,ater
903,communis_xc135521_1180.png,communis
904,cannabina_xc145534_2065.png,cannabina
905,montanus_xc143465_5605.png,montanus
906,philomelos_xc132392_6785.png,philomelos
907,philomelos_xc96608_885.png,philomelos
908,torquilla_xc133054_5015.png,torquilla
909,oriolus_xc101377_2655.png,oriolus
910,scirpaceus_xc124053_5900.png,scirpaceus
911,ostralegus_xc53817_885.png,ostralegus
912,curvirostra_xc99862_2360.png,curvirostra
913,scirpaceus_xc124052_885.png,scirpaceus
914,rubecula_xc70124_1180.png,rubecula
915,calandra_xc123168_1180.png,calandra
916,arvensis_xc123169_15930.png,arvensis
917,ater_xc98842_0.png,ater
918,scirpaceus_xc124053_2655.png,scirpaceus
919,coelebs_xc121597_1180.png,coelebs
920,caeruleus_xc44203_1180.png,caeruleus
921,colchicus_xc149146_2360.png,colchicus
922,vulgaris_xc42698_1770.png,vulgaris
923,decaocto_xc101940_590.png,decaocto
924,corone_xc96133_1180.png,corone
925,arvensis_xc123170_1770.png,arvensis
926,borin_xc146260_12095.png,borin
927,scirpaceus_xc27999_1770.png,scirpaceus
928,palumbus_xc94615_0.png,palumbus
929,megarhynchos_xc123810_6490.png,megarhynchos
930,troglodytes_xc71024_2360.png,troglodytes
931,argentatus_xc126481_1180.png,argentatus
932,glandarius_xc46223_590.png,glandarius
933,arvensis_xc123170_2655.png,arvensis
934,palumbus_xc94614_4425.png,palumbus
935,scirpaceus_xc124052_0.png,scirpaceus
936,arvensis_xc158166_2950.png,arvensis
937,arvensis_xc158166_5015.png,arvensis
938,colchicus_xc153129_0.png,colchicus
939,vanellus_xc97982_3540.png,vanellus
940,urbicum_xc148465_1475.png,urbicum
941,oriolus_xc101377_1475.png,oriolus
942,schoenobaenus_xc120664_1475.png,schoenobaenus
943,calandra_xc123167_885.png,calandra
944,apricaria_xc85842_295.png,apricaria
945,schoenobaenus_xc120664_590.png,schoenobaenus
946,chloropus_xc26789_3540.png,chloropus
947,rustica_xc157279_590.png,rustica
948,cannabina_xc125782_295.png,cannabina
949,philomelos_xc146756_2065.png,philomelos
950,corone_xc98400_295.png,corone
951,vulgaris_xc42698_2065.png,vulgaris
952,glandarius_xc46223_2360.png,glandarius
953,major_xc122555_590.png,major
954,palumbus_xc94615_590.png,palumbus
955,curruca_xc102278_0.png,curruca
956,montanus_xc90122_0.png,montanus
957,regulus_xc49540_885.png,regulus
958,corone_xc98400_1770.png,corone
959,schoenobaenus_xc120666_0.png,schoenobaenus
960,trochilus_xc121601_10325.png,trochilus
961,coelebs_xc122548_2360.png,coelebs
962,arvensis_xc123170_5605.png,arvensis
963,borin_xc146260_12980.png,borin
964,megarhynchos_xc123808_11800.png,megarhynchos
965,scirpaceus_xc124052_2360.png,scirpaceus
966,arvensis_xc123170_15045.png,arvensis
967,vulgaris_xc144382_590.png,vulgaris
968,calandra_xc123168_6785.png,calandra
969,domesticus_xc29766_885.png,domesticus
970,montanus_xc143465_0.png,montanus
971,megarhynchos_xc123810_5310.png,megarhynchos
972,merula_xc127996_9145.png,merula
973,megarhynchos_xc123808_6490.png,megarhynchos
974,schoenobaenus_xc120666_1475.png,schoenobaenus
975,arvensis_xc123169_20650.png,arvensis
976,rubecula_xc30390_2655.png,rubecula
977,trochilus_xc121601_1475.png,trochilus
978,vanellus_xc27060_590.png,vanellus
979,vulgaris_xc42698_2360.png,vulgaris
980,aluco_xc67089_295.png,aluco
981,borin_xc146260_5900.png,borin
982,philomelos_xc132392_7375.png,philomelos
983,citrinella_xc102106_885.png,citrinella
984,palumbus_xc130993_0.png,palumbus
985,megarhynchos_xc123808_12390.png,megarhynchos
986,calandra_xc123167_11210.png,calandra
987,apricaria_xc42344_2655.png,apricaria
988,pratensis_xc30614_2065.png,pratensis
989,striata_xc103145_885.png,striata
990,corax_xc64735_1180.png,corax
991,palumbus_xc94614_3540.png,palumbus
992,aluco_xc64728_295.png,aluco
993,merula_xc127996_295.png,merula
994,apricaria_xc85842_885.png,apricaria
995,chloropus_xc26789_5605.png,chloropus
996,vanellus_xc69855_885.png,vanellus
997,ostralegus_xc76241_590.png,ostralegus
998,martius_xc155975_1475.png,martius
999,schoenobaenus_xc120664_1770.png,schoenobaenus
1000,stellata_xc58579_4425.png,stellata
1001,cannabina_xc125782_8260.png,cannabina
1002,decaocto_xc101940_1770.png,decaocto
1003,calandra_xc125777_7080.png,calandra
1004,ater_xc132149_3835.png,ater
1005,oriolus_xc27152_3245.png,oriolus
1006,calandra_xc123167_11800.png,calandra
1007,totanus_xc83912_590.png,totanus
1008,arvensis_xc158166_2065.png,arvensis
1009,corax_xc143170_295.png,corax
1010,borin_xc146260_11505.png,borin
1011,arvensis_xc123169_590.png,arvensis
1012,regulus_xc49540_0.png,regulus
1013,torquilla_xc133471_4425.png,torquilla
1014,sibilatrix_xc101935_590.png,sibilatrix
1015,coelebs_xc121597_885.png,coelebs
1016,major_xc71454_1770.png,major
1017,pratensis_xc142431_2655.png,pratensis
1018,coelebs_xc121597_295.png,coelebs
1019,arvensis_xc123170_17995.png,arvensis
1020,calandra_xc125777_7375.png,calandra
1021,rustica_xc157331_3835.png,rustica
1022,megarhynchos_xc123808_1770.png,megarhynchos
1023,monedula_xc156262_1770.png,monedula
1024,apricaria_xc42344_1180.png,apricaria
1025,calandra_xc123167_10325.png,calandra
1026,borin_xc146260_7375.png,borin
1027,apricaria_xc42344_2950.png,apricaria
1028,caudatus_xc101371_0.png,caudatus
1029,pyrrhula_xc83357_590.png,pyrrhula
1030,montanus_xc164926_2360.png,montanus
1031,collybita_xc153833_5310.png,collybita
1032,arvensis_xc123170_11210.png,arvensis
1033,philomelos_xc96608_590.png,philomelos
1034,caeruleus_xc44203_590.png,caeruleus
1035,borin_xc49443_2950.png,borin
1036,arvensis_xc123169_17995.png,arvensis
1037,trochilus_xc121601_6195.png,trochilus
1038,megarhynchos_xc123808_2950.png,megarhynchos
1039,alpina_xc83894_590.png,alpina
1040,apricaria_xc42344_3540.png,apricaria
1041,rustica_xc157279_3540.png,rustica
1042,flava_xc102788_0.png,flava
1043,torquilla_xc133471_4130.png,torquilla
1044,arvensis_xc123170_10030.png,arvensis
1045,major_xc98172_885.png,major
1046,cannabina_xc125782_885.png,cannabina
1047,pyrrhula_xc146707_1475.png,pyrrhula
1048,stellata_xc58573_885.png,stellata
1049,montanus_xc143465_7670.png,montanus
1050,stellata_xc58573_2655.png,stellata
1051,familiaris_xc70129_1180.png,familiaris
1052,apivorus_xc113089_0.png,apivorus
1053,schoenobaenus_xc120666_4425.png,schoenobaenus
1054,vanellus_xc97982_2655.png,vanellus
1055,megarhynchos_xc123810_4130.png,megarhynchos
1056,squatarola_xc160879_295.png,squatarola
1057,pica_xc121016_295.png,pica
1058,carduelis_xc97792_1180.png,carduelis
1059,communis_xc135521_885.png,communis
1060,philomelos_xc132392_9440.png,philomelos
1061,borin_xc146260_10915.png,borin
1062,calandra_xc123168_7080.png,calandra
1063,borin_xc102932_3540.png,borin
1064,scirpaceus_xc124052_295.png,scirpaceus
1065,rubecula_xc30390_0.png,rubecula
1066,borin_xc49443_2655.png,borin
1067,coelebs_xc122548_0.png,coelebs
1068,familiaris_xc70129_590.png,familiaris
1069,arvensis_xc123169_18290.png,arvensis
1070,troglodytes_xc133872_2360.png,troglodytes
1071,merula_xc127996_5015.png,merula
1072,arvensis_xc158166_3540.png,arvensis
1073,regulus_xc78958_0.png,regulus
1074,merula_xc127996_11505.png,merula
1075,montanus_xc90122_885.png,montanus
1076,apricaria_xc42343_590.png,apricaria
1077,domesticus_xc151150_2065.png,domesticus
1078,colchicus_xc149146_1180.png,colchicus
1079,major_xc98172_590.png,major
1080,philomelos_xc132392_15045.png,philomelos
1081,ater_xc132149_3245.png,ater
1082,merula_xc72861_0.png,merula
1083,merula_xc127996_1180.png,merula
1084,calandra_xc123168_2655.png,calandra
1085,apricaria_xc42344_4130.png,apricaria
1086,striata_xc103145_1180.png,striata
1087,fluviatilis_xc83760_1180.png,fluviatilis
1088,apricaria_xc85842_590.png,apricaria
1089,squatarola_xc160879_1180.png,squatarola
1090,scirpaceus_xc124053_4720.png,scirpaceus
1091,pyrrhula_xc83357_0.png,pyrrhula
1092,flammea_xc132608_295.png,flammea
1093,apricaria_xc42344_4425.png,apricaria
1094,pratensis_xc138979_295.png,pratensis
1095,philomelos_xc132392_8260.png,philomelos
1096,megarhynchos_xc123808_12685.png,megarhynchos
1097,iliacus_xc121168_0.png,iliacus
1098,stellata_xc58573_1475.png,stellata
1099,regulus_xc49540_2360.png,regulus
1100,montanus_xc43764_0.png,montanus
1101,trivialis_xc83705_295.png,trivialis
1102,trochilus_xc121601_2065.png,trochilus
1103,caeruleus_xc42178_0.png,caeruleus
1104,arvensis_xc123169_295.png,arvensis
1105,megarhynchos_xc123808_7375.png,megarhynchos
1106,phoenicurus_xc76760_0.png,phoenicurus
1107,palumbus_xc94614_590.png,palumbus
1108,philomelos_xc132392_3245.png,philomelos
1109,pica_xc121016_2065.png,pica
1110,curvirostra_xc94211_295.png,curvirostra
1111,arvensis_xc123170_10325.png,arvensis
1112,fluviatilis_xc110303_3540.png,fluviatilis
1113,glareola_xc41816_885.png,glareola
1114,rustica_xc157322_1180.png,rustica
1115,cannabina_xc125782_7375.png,cannabina
1116,fluviatilis_xc83760_0.png,fluviatilis
1117,chloropus_xc82701_885.png,chloropus
1118,gallinago_xc27080_0.png,gallinago
1119,scirpaceus_xc27999_1180.png,scirpaceus
1120,totanus_xc83912_2655.png,totanus
1121,argentatus_xc125486_1180.png,argentatus
1122,philomelos_xc132392_1180.png,philomelos
1123,lagopus_xc130283_2065.png,lagopus
1124,cannabina_xc125782_8555.png,cannabina
1125,arvensis_xc123169_11210.png,arvensis
1126,trochilus_xc146755_295.png,trochilus
1127,regulus_xc106846_590.png,regulus
1128,vanellus_xc97982_295.png,vanellus
1129,philomelos_xc132392_7670.png,philomelos
1130,major_xc71454_295.png,major
1131,stellata_xc58579_6195.png,stellata
1132,arvensis_xc123169_2065.png,arvensis
1133,philomelos_xc132392_2950.png,philomelos
1134,arvensis_xc123169_5605.png,arvensis
1135,calandra_xc125777_5310.png,calandra
1136,sibilatrix_xc101862_590.png,sibilatrix
1137,arvensis_xc123169_17110.png,arvensis
1138,megarhynchos_xc123808_2360.png,megarhynchos
1139,apivorus_xc146062_0.png,apivorus
1140,philomelos_xc132392_15340.png,philomelos
1141,troglodytes_xc59776_0.png,troglodytes
1142,vanellus_xc97982_1180.png,vanellus
1143,rustica_xc157331_5900.png,rustica
1144,major_xc71454_885.png,major
1145,ater_xc132149_4425.png,ater
1146,arvensis_xc123169_6195.png,arvensis
1147,major_xc71454_590.png,major
1148,rubecula_xc30390_4425.png,rubecula
1149,collybita_xc153833_0.png,collybita
1150,arvensis_xc123169_4130.png,arvensis
1151,turtur_xc75092_295.png,turtur
1152,caeruleus_xc131316_2065.png,caeruleus
1153,calandra_xc125777_9440.png,calandra
1154,scirpaceus_xc27999_295.png,scirpaceus
1155,calandra_xc123168_7375.png,calandra
1156,major_xc98172_295.png,major
1157,rustica_xc157331_3540.png,rustica
1158,pratensis_xc30614_2360.png,pratensis
1159,merula_xc72861_885.png,merula
1160,rustica_xc157331_885.png,rustica
1161,megarhynchos_xc123808_5900.png,megarhynchos
1162,pratensis_xc138979_885.png,pratensis
1163,arvensis_xc123170_12390.png,arvensis
1164,montanus_xc164926_1770.png,montanus
1165,colchicus_xc149146_0.png,colchicus
1166,apivorus_xc145738_0.png,apivorus
1167,scirpaceus_xc124052_3835.png,scirpaceus
1168,major_xc71454_1180.png,major
1169,montanus_xc90122_1475.png,montanus
1170,rustica_xc157331_5015.png,rustica
1171,montanus_xc143465_295.png,montanus
1172,phoenicurus_xc76760_885.png,phoenicurus
1173,borin_xc146260_295.png,borin
1174,aguimp_xc125137_1180.png,aguimp
1175,chloris_xc28961_295.png,chloris
1176,arvensis_xc123169_1180.png,arvensis
1177,philomelos_xc132392_5900.png,philomelos
1178,coelebs_xc42803_2360.png,coelebs
1179,borin_xc146260_11210.png,borin
1180,stellata_xc58579_1180.png,stellata
1181,oenas_xc77429_295.png,oenas
1182,vanellus_xc97982_1770.png,vanellus
1183,lagopus_xc149806_1180.png,lagopus
1184,philomelos_xc132392_10915.png,philomelos
1185,aluco_xc64728_1770.png,aluco
1186,torquilla_xc133471_5015.png,torquilla
1187,cannabina_xc145534_2950.png,cannabina
1188,chloropus_xc26789_1475.png,chloropus
1189,troglodytes_xc71024_4425.png,troglodytes
1190,borin_xc146260_5310.png,borin
1191,chloris_xc99155_295.png,chloris
1192,calandra_xc125777_5900.png,calandra
1193,rustica_xc157322_295.png,rustica
1194,gallinago_xc27080_1180.png,gallinago
1195,urbicum_xc148465_1770.png,urbicum
1196,trochilus_xc121601_885.png,trochilus
1197,martius_xc130426_0.png,martius
1198,scirpaceus_xc124052_1770.png,scirpaceus
1199,carduelis_xc97792_0.png,carduelis
1200,cannabina_xc145534_3835.png,cannabina
1201,arvensis_xc123169_6785.png,arvensis
1202,carduelis_xc97792_295.png,carduelis
1203,scirpaceus_xc124052_4130.png,scirpaceus
1204,torquilla_xc133054_1180.png,torquilla
1205,troglodytes_xc71024_4130.png,troglodytes
1206,calandra_xc123168_3245.png,calandra
1207,megarhynchos_xc132580_295.png,megarhynchos
1208,borin_xc146260_12685.png,borin
1209,fluviatilis_xc110303_885.png,fluviatilis
1210,rubecula_xc30390_885.png,rubecula
1211,trochilus_xc146755_0.png,trochilus
1212,megarhynchos_xc123808_9440.png,megarhynchos
1213,cannabina_xc102060_1475.png,cannabina
1214,cannabina_xc125782_1475.png,cannabina
1215,arvensis_xc123170_14455.png,arvensis
1216,calandra_xc125777_8260.png,calandra
1217,chloropus_xc26789_2655.png,chloropus
1218,lagopus_xc130283_885.png,lagopus
1219,atricapilla_xc94967_2950.png,atricapilla
1220,rustica_xc157279_885.png,rustica
1221,megarhynchos_xc123810_3540.png,megarhynchos
1222,calandra_xc123168_885.png,calandra
1223,striata_xc139372_885.png,striata
1224,megarhynchos_xc123810_6785.png,megarhynchos
1225,stellata_xc58571_1180.png,stellata
1226,trochilus_xc121601_12685.png,trochilus
1227,carduelis_xc97792_1475.png,carduelis
1228,arvensis_xc123169_2655.png,arvensis
1229,torquilla_xc133471_295.png,torquilla
1230,iliacus_xc25119_0.png,iliacus
1231,europaea_xc78951_0.png,europaea
1232,cannabina_xc125782_7670.png,cannabina
1233,rubecula_xc133862_2950.png,rubecula
1234,vanellus_xc69855_0.png,vanellus
1235,perdix_xc42430_295.png,perdix
1236,curvirostra_xc94211_590.png,curvirostra
1237,palumbus_xc94615_295.png,palumbus
1238,aguimp_xc118441_0.png,aguimp
1239,philomelos_xc146756_885.png,philomelos
1240,pica_xc29230_295.png,pica
1241,arvensis_xc158166_1770.png,arvensis
1242,oenas_xc77429_2360.png,oenas
1243,arvensis_xc123169_13865.png,arvensis
1244,rustica_xc157331_14455.png,rustica
1245,communis_xc76740_295.png,communis
1246,calandra_xc125777_1180.png,calandra
1247,aluco_xc67089_1475.png,aluco
1248,argentatus_xc154285_295.png,argentatus
1249,oenas_xc89994_295.png,oenas
1250,schoenobaenus_xc120666_6785.png,schoenobaenus
1251,cannabina_xc125782_2655.png,cannabina
1252,martius_xc98942_0.png,martius
1253,glandarius_xc127136_0.png,glandarius
1254,scirpaceus_xc124053_0.png,scirpaceus
1255,caeruleus_xc44203_2655.png,caeruleus
1256,merula_xc127996_5310.png,merula
1257,pratensis_xc30614_1475.png,pratensis
1258,glandarius_xc46223_2065.png,glandarius
1259,major_xc98172_0.png,major
1260,schoenobaenus_xc120666_6195.png,schoenobaenus
1261,corax_xc64735_1770.png,corax
1262,sibilatrix_xc101935_885.png,sibilatrix
1263,iliacus_xc27962_295.png,iliacus
1264,glareola_xc41816_0.png,glareola
1265,argentatus_xc125486_885.png,argentatus
1266,citrinella_xc145533_295.png,citrinella
1267,vulgaris_xc144382_295.png,vulgaris
1268,arvensis_xc123169_3540.png,arvensis
1269,torquilla_xc133471_5310.png,torquilla
1270,vulgaris_xc144382_1475.png,vulgaris
1271,monedula_xc156262_590.png,monedula
1272,borin_xc49443_2360.png,borin
1273,calandra_xc123167_295.png,calandra
1274,schoeniclus_xc86327_1770.png,schoeniclus
1275,communis_xc76742_885.png,communis
1276,trochilus_xc121601_13865.png,trochilus
1277,rustica_xc157331_7080.png,rustica
1278,megarhynchos_xc123808_10325.png,megarhynchos
1279,oenas_xc77429_2655.png,oenas
1280,apus_xc67307_590.png,apus
1281,coelebs_xc42803_1475.png,coelebs
1282,chloropus_xc26789_295.png,chloropus
1283,scirpaceus_xc124052_2655.png,scirpaceus
1284,domesticus_xc151150_0.png,domesticus
1285,decaocto_xc101940_1475.png,decaocto
1286,curvirostra_xc94211_1180.png,curvirostra
1287,philomelos_xc132392_4720.png,philomelos
1288,chloropus_xc26789_4425.png,chloropus
1289,arvensis_xc123170_6490.png,arvensis
1290,stellata_xc58579_2065.png,stellata
1291,calandra_xc125777_4425.png,calandra
1292,citrinella_xc145533_0.png,citrinella
1293,iliacus_xc121168_590.png,iliacus
1294,glandarius_xc142908_0.png,glandarius
1295,atricapilla_xc99357_295.png,atricapilla
1296,calandra_xc123168_5900.png,calandra
1297,trivialis_xc33395_1180.png,trivialis
1298,vulgaris_xc101936_295.png,vulgaris
1299,caeruleus_xc131316_1180.png,caeruleus
1300,caeruleus_xc42178_295.png,caeruleus
1301,megarhynchos_xc123808_13275.png,megarhynchos
1302,rubecula_xc70124_0.png,rubecula
1303,calandra_xc125777_5015.png,calandra
1304,arvensis_xc123169_14750.png,arvensis
1305,canorus_xc134671_0.png,canorus
1306,lagopus_xc149806_0.png,lagopus
1307,canorus_xc134671_295.png,canorus
1308,colchicus_xc121326_590.png,colchicus
1309,sibilatrix_xc101934_0.png,sibilatrix
1310,modularis_xc70132_295.png,modularis
1311,europaea_xc99937_0.png,europaea
1312,curruca_xc102278_295.png,curruca
1313,calandra_xc125777_6785.png,calandra
1314,apiaster_xc141026_2065.png,apiaster
1315,trochilus_xc121601_12980.png,trochilus
1316,regulus_xc106846_1180.png,regulus
1317,chloropus_xc26789_590.png,chloropus
1318,calandra_xc125777_1475.png,calandra
1319,calandra_xc123168_2950.png,calandra
1320,aluco_xc67089_2360.png,aluco
1321,trochilus_xc121601_4425.png,trochilus
1322,communis_xc76742_1180.png,communis
1323,aluco_xc64728_1475.png,aluco
1324,flava_xc102788_295.png,flava
1325,megarhynchos_xc123808_13865.png,megarhynchos
1326,apricaria_xc42344_3245.png,apricaria
1327,ater_xc95058_590.png,ater
1328,aluco_xc64728_885.png,aluco
1329,colchicus_xc149146_885.png,colchicus
1330,montanus_xc43764_295.png,montanus
1331,montanus_xc90122_2655.png,montanus
1332,colchicus_xc149146_1475.png,colchicus
1333,scirpaceus_xc124053_5310.png,scirpaceus
1334,citrinella_xc145533_590.png,citrinella
1335,collybita_xc71748_1180.png,collybita
1336,caudatus_xc128853_0.png,caudatus
1337,megarhynchos_xc123808_9735.png,megarhynchos
1338,rubecula_xc30390_295.png,rubecula
1339,troglodytes_xc71024_3245.png,troglodytes
1340,communis_xc135521_295.png,communis
1341,lagopus_xc130283_295.png,lagopus
1342,atricapilla_xc99357_590.png,atricapilla
1343,regulus_xc49540_1180.png,regulus
1344,trivialis_xc83705_1180.png,trivialis
1345,atricapilla_xc94967_3245.png,atricapilla
1346,apiaster_xc148426_885.png,apiaster
1347,pratensis_xc30614_0.png,pratensis
1348,striata_xc139372_295.png,striata
1349,domesticus_xc29766_1475.png,domesticus
1350,citrinella_xc102107_295.png,citrinella
1351,calandra_xc123167_5310.png,calandra
1352,philomelos_xc146756_0.png,philomelos
1353,megarhynchos_xc123808_3245.png,megarhynchos
1354,corone_xc98400_1475.png,corone
1355,citrinella_xc102107_0.png,citrinella
1356,schoenobaenus_xc120666_2065.png,schoenobaenus
1357,citrinella_xc102106_295.png,citrinella
1358,cannabina_xc125782_6785.png,cannabina
1359,merula_xc127996_9440.png,merula
1360,ater_xc132149_590.png,ater
1361,oriolus_xc101377_2950.png,oriolus
1362,coelebs_xc121597_2655.png,coelebs
1363,stellata_xc58571_2360.png,stellata
1364,rustica_xc157331_14160.png,rustica
1365,borin_xc49443_4130.png,borin
1366,curvirostra_xc99862_1180.png,curvirostra
1367,arvensis_xc123170_3245.png,arvensis
1368,borin_xc146260_7080.png,borin
1369,arvensis_xc123170_295.png,arvensis
1370,caudatus_xc113082_295.png,caudatus
1371,cannabina_xc125782_5900.png,cannabina
1372,oriolus_xc101377_295.png,oriolus
1373,schoenobaenus_xc120666_3540.png,schoenobaenus
1374,philomelos_xc96608_2655.png,philomelos
1375,monedula_xc156262_295.png,monedula
1376,europaea_xc78951_295.png,europaea
1377,oenas_xc77429_3540.png,oenas
1378,arvensis_xc123169_13275.png,arvensis
1379,rustica_xc157331_9440.png,rustica
1380,borin_xc146260_3245.png,borin
1381,chloropus_xc82701_0.png,chloropus
1382,coelebs_xc122548_885.png,coelebs
1383,phoenicurus_xc76762_295.png,phoenicurus
1384,rustica_xc157331_4425.png,rustica
1385,philomelos_xc132392_11210.png,philomelos
1386,vulgaris_xc42698_295.png,vulgaris
1387,torquilla_xc133054_2950.png,torquilla
1388,rubecula_xc133862_1475.png,rubecula
1389,apricaria_xc42344_2065.png,apricaria
1390,turtur_xc75092_590.png,turtur
1391,palustris_xc55184_0.png,palustris
1392,trochilus_xc121601_11800.png,trochilus
1393,palumbus_xc94614_2360.png,palumbus
1394,argentatus_xc126481_0.png,argentatus
1395,vanellus_xc27060_885.png,vanellus
1396,trochilus_xc121601_8260.png,trochilus
1397,oriolus_xc27152_590.png,oriolus
1398,aluco_xc67089_590.png,aluco
1399,stellata_xc58571_885.png,stellata
1400,pratensis_xc30614_2655.png,pratensis
1401,frugilegus_xc143005_295.png,frugilegus
1402,caeruleus_xc131316_590.png,caeruleus
1403,troglodytes_xc71024_295.png,troglodytes
1404,vanellus_xc97982_2065.png,vanellus
1405,philomelos_xc132392_6195.png,philomelos
1406,viridis_xc153131_1770.png,viridis
1407,cannabina_xc125782_590.png,cannabina
1408,vulgaris_xc144382_2655.png,vulgaris
1409,viridis_xc153131_295.png,viridis
1410,vanellus_xc27060_2950.png,vanellus
1411,apiaster_xc148426_0.png,apiaster
1412,fluviatilis_xc110303_590.png,fluviatilis
1413,troglodytes_xc133872_1180.png,troglodytes
1414,colchicus_xc149146_1770.png,colchicus
1415,philomelos_xc132392_12095.png,philomelos
1416,totanus_xc83912_2950.png,totanus
1417,pyrrhula_xc83357_295.png,pyrrhula
1418,trivialis_xc33395_885.png,trivialis
1419,major_xc122555_885.png,major
1420,coelebs_xc42803_4130.png,coelebs
1421,arvensis_xc123169_17700.png,arvensis
1422,pratensis_xc30614_4130.png,pratensis
1423,apricaria_xc42344_590.png,apricaria
1424,scirpaceus_xc124053_1475.png,scirpaceus
1425,familiaris_xc130409_1180.png,familiaris
1426,arvensis_xc123170_16815.png,arvensis
1427,scirpaceus_xc124053_5605.png,scirpaceus
1428,vulgaris_xc42698_3540.png,vulgaris
1429,apricaria_xc42343_295.png,apricaria
1430,apiaster_xc141026_885.png,apiaster
1431,philomelos_xc132392_2065.png,philomelos
1432,pratensis_xc30614_2950.png,pratensis
1433,apiaster_xc141026_295.png,apiaster
1434,totanus_xc110167_0.png,totanus
1435,canorus_xc33392_0.png,canorus
1436,merula_xc127996_885.png,merula
1437,iliacus_xc27962_1770.png,iliacus
1438,stellata_xc58573_1770.png,stellata
1439,aluco_xc67089_1180.png,aluco
1440,rustica_xc157331_2655.png,rustica
1441,arvensis_xc123169_6490.png,arvensis
1442,flava_xc69792_295.png,flava
1443,flammea_xc132608_0.png,flammea
1444,palumbus_xc94614_4720.png,palumbus
1445,philomelos_xc132392_885.png,philomelos
1446,philomelos_xc96608_2360.png,philomelos
1447,borin_xc102932_2065.png,borin
1448,monedula_xc121691_295.png,monedula
1449,rustica_xc157322_3540.png,rustica
1450,coelebs_xc42803_0.png,coelebs
1451,trivialis_xc99299_590.png,trivialis
1452,borin_xc102932_4130.png,borin
1453,rubecula_xc133862_2065.png,rubecula
1454,ostralegus_xc53817_1770.png,ostralegus
1455,chloropus_xc26789_4720.png,chloropus
1456,stellata_xc58579_0.png,stellata
1457,trochilus_xc121601_13570.png,trochilus
1458,communis_xc135521_1770.png,communis
1459,arvensis_xc123170_19470.png,arvensis
1460,aluco_xc64728_1180.png,aluco
1461,caeruleus_xc131316_885.png,caeruleus
1462,aluco_xc67089_0.png,aluco
1463,merula_xc127996_1475.png,merula
1464,coelebs_xc121597_4425.png,coelebs
1465,palustris_xc82715_590.png,palustris
1466,aluco_xc76765_2950.png,aluco
1467,collybita_xc153833_1770.png,collybita
1468,rustica_xc157279_1770.png,rustica
1469,calandra_xc125777_295.png,calandra
1470,trochilus_xc121601_2950.png,trochilus
1471,regulus_xc106846_2950.png,regulus
1472,decaocto_xc128851_295.png,decaocto
1473,torquilla_xc133054_0.png,torquilla
1474,citrinella_xc102107_590.png,citrinella
1475,megarhynchos_xc123808_4720.png,megarhynchos
1476,curruca_xc101933_0.png,curruca
1477,glareola_xc41816_295.png,glareola
1478,schoenobaenus_xc120666_590.png,schoenobaenus
1479,schoeniclus_xc102048_0.png,schoeniclus
1480,curvirostra_xc99862_2655.png,curvirostra
1481,calandra_xc123168_8555.png,calandra
1482,stellata_xc58579_3835.png,stellata
1483,rustica_xc157331_7965.png,rustica
1484,megarhynchos_xc123810_7375.png,megarhynchos
1485,rustica_xc157331_9735.png,rustica
1486,philomelos_xc96608_3245.png,philomelos
1487,megarhynchos_xc123808_10620.png,megarhynchos
1488,regulus_xc106846_0.png,regulus
1489,gallinago_xc90977_0.png,gallinago
1490,arvensis_xc123169_10325.png,arvensis
1491,aguimp_xc125137_590.png,aguimp
1492,collybita_xc153833_2655.png,collybita
1493,trochilus_xc99529_0.png,trochilus
1494,borin_xc146260_2360.png,borin
1495,major_xc94652_295.png,major
1496,borin_xc146260_0.png,borin
1497,torquilla_xc133471_2950.png,torquilla
1498,borin_xc49443_0.png,borin
1499,philomelos_xc132392_1475.png,philomelos
1500,trochilus_xc121601_12390.png,trochilus
1501,apiaster_xc148426_1770.png,apiaster
1502,lagopus_xc149806_590.png,lagopus
1503,pratensis_xc138979_0.png,pratensis
1504,argentatus_xc154285_0.png,argentatus
1505,pratensis_xc30614_1180.png,pratensis
1506,megarhynchos_xc123808_7670.png,megarhynchos
1507,pratensis_xc142431_2950.png,pratensis
1508,apricaria_xc42344_4720.png,apricaria
1509,schoenobaenus_xc120666_2950.png,schoenobaenus
1510,borin_xc146260_13865.png,borin
1511,sibilatrix_xc101862_885.png,sibilatrix
1512,ostralegus_xc76241_0.png,ostralegus
1513,stellata_xc58579_590.png,stellata
1514,trochilus_xc121601_6785.png,trochilus
1515,arvensis_xc123169_8260.png,arvensis
1516,apricaria_xc42344_5015.png,apricaria
1517,rubecula_xc30390_6490.png,rubecula
1518,europaea_xc78951_590.png,europaea
1519,fluviatilis_xc140557_1475.png,fluviatilis
1520,oenas_xc77429_2950.png,oenas
1521,trochilus_xc99529_295.png,trochilus
1522,rubecula_xc133862_295.png,rubecula
1523,schoeniclus_xc86327_0.png,schoeniclus
1524,rubecula_xc30390_590.png,rubecula
1525,squatarola_xc160879_590.png,squatarola
1526,torquilla_xc133054_3835.png,torquilla
1527,borin_xc102932_0.png,borin
1528,troglodytes_xc133872_0.png,troglodytes
1529,ater_xc132149_2950.png,ater
1530,corax_xc64735_885.png,corax
1531,philomelos_xc132392_16520.png,philomelos
1532,philomelos_xc132392_9735.png,philomelos
1533,trochilus_xc121601_12095.png,trochilus
1534,modularis_xc70132_0.png,modularis
1535,europaea_xc99937_295.png,europaea
1536,torquilla_xc133054_885.png,torquilla
1537,torquilla_xc133471_590.png,torquilla
1538,calandra_xc123168_4425.png,calandra
1539,apricaria_xc42344_3835.png,apricaria
1540,cannabina_xc102060_1770.png,cannabina
1541,arvensis_xc123169_20060.png,arvensis
1542,oenas_xc77429_2065.png,oenas
1543,regulus_xc106846_1770.png,regulus
1544,scirpaceus_xc124052_590.png,scirpaceus
1545,regulus_xc106846_1475.png,regulus
1546,merula_xc127996_2360.png,merula
1547,curvirostra_xc99862_3245.png,curvirostra
1548,calandra_xc123167_8260.png,calandra
1549,rustica_xc157331_12980.png,rustica
1550,lagopus_xc130283_1770.png,lagopus
1551,scirpaceus_xc124053_295.png,scirpaceus
1552,palumbus_xc94614_885.png,palumbus
1553,communis_xc76742_0.png,communis
1554,corone_xc96133_295.png,corone
1555,philomelos_xc132392_10620.png,philomelos
1556,decaocto_xc128851_590.png,decaocto
1557,rustica_xc157322_1475.png,rustica
1558,calandra_xc125777_590.png,calandra
1559,calandra_xc123168_9145.png,calandra
1560,calandra_xc125777_2950.png,calandra
1561,calandra_xc123168_5310.png,calandra
1562,arvensis_xc123170_13570.png,arvensis
1563,cannabina_xc145534_4130.png,cannabina
1564,arvensis_xc158166_4425.png,arvensis
1565,palumbus_xc94614_1180.png,palumbus
1566,rustica_xc157331_10915.png,rustica
1567,fluviatilis_xc140557_2655.png,fluviatilis
1568,frugilegus_xc143005_0.png,frugilegus
1569,borin_xc146260_12390.png,borin
1570,calandra_xc123168_2360.png,calandra
1571,arvensis_xc123170_10620.png,arvensis
1572,borin_xc146260_2950.png,borin
1573,pyrrhula_xc146707_1180.png,pyrrhula
1574,trochilus_xc121601_10620.png,trochilus
1575,borin_xc146260_5015.png,borin
1576,familiaris_xc130409_1770.png,familiaris
1577,totanus_xc83912_295.png,totanus
1578,domesticus_xc151150_885.png,domesticus
1579,calandra_xc123168_7670.png,calandra
1580,borin_xc102932_295.png,borin
1581,totanus_xc83912_2065.png,totanus
1582,turtur_xc40186_885.png,turtur
1583,rustica_xc157322_885.png,rustica
1584,torquilla_xc133054_4720.png,torquilla
1585,montanus_xc143465_2360.png,montanus
1586,collybita_xc153833_3540.png,collybita
1587,merula_xc127996_8555.png,merula
1588,colchicus_xc149146_2065.png,colchicus
1589,stellata_xc58579_2360.png,stellata
1590,pratensis_xc30614_3835.png,pratensis
1591,coelebs_xc42803_3540.png,coelebs
1592,philomelos_xc132392_7965.png,philomelos
1593,rustica_xc157331_13570.png,rustica
1594,ater_xc132149_2065.png,ater
1595,arvensis_xc158166_8555.png,arvensis
1596,megarhynchos_xc123808_4130.png,megarhynchos
1597,caeruleus_xc42178_590.png,caeruleus
1598,trivialis_xc33395_1475.png,trivialis
1599,apricaria_xc42343_1770.png,apricaria
1600,atricapilla_xc99357_1475.png,atricapilla
1601,lagopus_xc130283_0.png,lagopus
1602,oriolus_xc101377_885.png,oriolus
1603,cannabina_xc145534_3245.png,cannabina
1604,urbicum_xc142697_1180.png,urbicum
1605,major_xc122555_1475.png,major
1606,montanus_xc90122_3540.png,montanus
1607,arvensis_xc123169_12980.png,arvensis
1608,arvensis_xc158166_7965.png,arvensis
1609,borin_xc102932_3245.png,borin
1610,corone_xc98400_0.png,corone
1611,regulus_xc106846_885.png,regulus
1612,trochilus_xc121601_2655.png,trochilus
1613,megarhynchos_xc123808_9145.png,megarhynchos
1614,torquilla_xc133054_295.png,torquilla
1615,arvensis_xc123169_9735.png,arvensis
1616,chloropus_xc26789_1180.png,chloropus
1617,communis_xc76742_2950.png,communis
1618,montanus_xc90122_4720.png,montanus
1619,scirpaceus_xc124052_1475.png,scirpaceus
1620,apricaria_xc42344_1770.png,apricaria
1621,merula_xc127996_7080.png,merula
1622,ater_xc132149_2655.png,ater
1623,megarhynchos_xc123810_1180.png,megarhynchos
1624,rustica_xc157279_4130.png,rustica
1625,borin_xc146260_7965.png,borin
1626,montanus_xc143465_1475.png,montanus
1627,domesticus_xc151150_590.png,domesticus
1628,collybita_xc121963_590.png,collybita
1629,borin_xc146260_2065.png,borin
1630,trochilus_xc121601_5310.png,trochilus
1631,flava_xc69792_0.png,flava
1632,coelebs_xc42803_2950.png,coelebs
1633,scirpaceus_xc124053_590.png,scirpaceus
1634,vulgaris_xc42698_0.png,vulgaris
1635,merula_xc94958_0.png,merula
1636,philomelos_xc132392_15635.png,philomelos
1637,merula_xc127996_5605.png,merula
1638,ostralegus_xc76241_295.png,ostralegus
1639,coelebs_xc122548_2655.png,coelebs
1640,stellata_xc58579_5900.png,stellata
1641,philomelos_xc132392_3540.png,philomelos
1642,palustris_xc64686_0.png,palustris
1643,borin_xc49443_3540.png,borin
1644,borin_xc102932_590.png,borin
1645,viridis_xc153131_590.png,viridis
1646,coelebs_xc121597_590.png,coelebs
1647,phoenicurus_xc76760_1180.png,phoenicurus
1648,familiaris_xc70129_295.png,familiaris
1649,atricapilla_xc99357_885.png,atricapilla
1650,major_xc94652_0.png,major
1651,rustica_xc157331_11210.png,rustica
1652,ostralegus_xc76241_2655.png,ostralegus
1653,palustris_xc46032_295.png,palustris
1654,palumbus_xc130993_295.png,palumbus
1655,pyrrhula_xc146707_0.png,pyrrhula
1656,collybita_xc153833_3245.png,collybita
1657,collybita_xc153833_295.png,collybita
1658,rustica_xc157322_2360.png,rustica
1659,calandra_xc123167_10030.png,calandra
1660,totanus_xc110167_590.png,totanus
1661,caeruleus_xc131316_1770.png,caeruleus
1662,trochilus_xc121601_4720.png,trochilus
1663,striata_xc134042_0.png,striata
1664,arvensis_xc158166_5900.png,arvensis
1665,citrinella_xc102107_885.png,citrinella
1666,corone_xc98400_885.png,corone
1667,arvensis_xc123169_19175.png,arvensis
1668,oenas_xc77429_590.png,oenas
1669,atricapilla_xc94964_295.png,atricapilla
1670,ostralegus_xc53817_0.png,ostralegus
1671,philomelos_xc132392_4130.png,philomelos
1672,calandra_xc125777_4720.png,calandra
1673,communis_xc76742_295.png,communis
1674,calandra_xc123167_6490.png,calandra
1675,schoenobaenus_xc120666_5015.png,schoenobaenus
1676,apivorus_xc145738_295.png,apivorus
1677,arvensis_xc123170_1475.png,arvensis
1678,arvensis_xc123169_3835.png,arvensis
1679,communis_xc76742_1770.png,communis
1680,torquilla_xc133054_2655.png,torquilla
1681,trochilus_xc121601_14455.png,trochilus
1682,trochilus_xc121601_3540.png,trochilus
1683,apricaria_xc42343_1475.png,apricaria
1684,rubecula_xc70124_590.png,rubecula
1685,montanus_xc164926_590.png,montanus
1686,apiaster_xc148426_1180.png,apiaster
1687,megarhynchos_xc123808_8260.png,megarhynchos
1688,carduelis_xc97792_885.png,carduelis
1689,borin_xc146260_15635.png,borin
1690,scirpaceus_xc124053_1770.png,scirpaceus
1691,iliacus_xc121168_295.png,iliacus
1692,rubecula_xc70124_295.png,rubecula
1693,calandra_xc123167_3835.png,calandra
1694,calandra_xc125777_7965.png,calandra
1695,major_xc122555_295.png,major
1696,scirpaceus_xc124052_4425.png,scirpaceus
1697,merula_xc127996_2655.png,merula
1698,calandra_xc123167_12095.png,calandra
1699,fluviatilis_xc140557_2360.png,fluviatilis
1700,philomelos_xc96608_0.png,philomelos
1701,arvensis_xc123170_1180.png,arvensis
1702,corax_xc64735_3540.png,corax
1703,curvirostra_xc94212_295.png,curvirostra
1704,urbicum_xc148465_590.png,urbicum
1705,chloropus_xc26789_5310.png,chloropus
1706,scirpaceus_xc124053_3540.png,scirpaceus
1707,rustica_xc157322_590.png,rustica
1708,regulus_xc106846_2655.png,regulus
1709,cannabina_xc102060_295.png,cannabina
1710,chloropus_xc82701_2950.png,chloropus
1711,arvensis_xc158166_1475.png,arvensis
1712,montanus_xc90122_1180.png,montanus
1713,arvensis_xc158166_5310.png,arvensis
1714,cannabina_xc125782_6195.png,cannabina
1715,arvensis_xc123169_3245.png,arvensis
1716,decaocto_xc128851_1180.png,decaocto
1717,calandra_xc125777_9735.png,calandra
1718,ostralegus_xc53817_1475.png,ostralegus
1719,apus_xc77645_0.png,apus
1720,troglodytes_xc133872_1770.png,troglodytes
1721,pratensis_xc30614_295.png,pratensis
1722,rustica_xc157331_13865.png,rustica
1723,montanus_xc90122_3835.png,montanus
1724,trochilus_xc99529_885.png,trochilus
1725,calandra_xc125777_1770.png,calandra
1726,turtur_xc40186_295.png,turtur
1727,arvensis_xc123169_4425.png,arvensis
1728,borin_xc146260_14750.png,borin
1729,vulgaris_xc144382_1770.png,vulgaris
1730,rubecula_xc30390_2950.png,rubecula
1731,trochilus_xc121601_15045.png,trochilus
1732,pica_xc121016_1180.png,pica
1733,urbicum_xc148465_1180.png,urbicum
1734,coelebs_xc122548_1770.png,coelebs
1735,borin_xc146260_1180.png,borin
1736,megarhynchos_xc123808_12980.png,megarhynchos
1737,sibilatrix_xc101934_885.png,sibilatrix
1738,atra_xc31059_0.png,atra
1739,ostralegus_xc53817_2950.png,ostralegus
1740,apus_xc67307_295.png,apus
1741,chloropus_xc82701_1475.png,chloropus
1742,megarhynchos_xc123810_2360.png,megarhynchos
1743,torquilla_xc133471_0.png,torquilla
1744,calandra_xc123167_5900.png,calandra
1745,merula_xc127996_11210.png,merula
1746,merula_xc127996_6490.png,merula
1747,ostralegus_xc76241_885.png,ostralegus
1748,palustris_xc46032_2065.png,palustris
1749,collybita_xc153833_5015.png,collybita
1750,atricapilla_xc94967_3835.png,atricapilla
1751,philomelos_xc96608_2065.png,philomelos
1752,philomelos_xc132392_16225.png,philomelos
1753,pyrrhula_xc113905_0.png,pyrrhula
1754,palustris_xc46032_885.png,palustris
1755,glandarius_xc46223_1180.png,glandarius
1756,borin_xc102932_4720.png,borin
1757,palustris_xc46032_1180.png,palustris
1758,domesticus_xc29766_295.png,domesticus
1759,cannabina_xc125782_5605.png,cannabina
1760,arvensis_xc123170_12980.png,arvensis
1761,calandra_xc123168_8260.png,calandra
1762,rustica_xc157331_295.png,rustica
1763,monedula_xc156262_885.png,monedula
1764,trochilus_xc121601_6490.png,trochilus
1765,montanus_xc143465_5015.png,montanus
1766,vulgaris_xc42698_3245.png,vulgaris
1767,fluviatilis_xc83760_590.png,fluviatilis
1768,coelebs_xc42803_3245.png,coelebs
1769,oriolus_xc27152_885.png,oriolus
1770,philomelos_xc132392_12390.png,philomelos
1771,troglodytes_xc133872_590.png,troglodytes
1772,arvensis_xc123169_10915.png,arvensis
1773,rustica_xc157331_10030.png,rustica
1774,scirpaceus_xc124053_1180.png,scirpaceus
1775,megarhynchos_xc123808_7965.png,megarhynchos
1776,troglodytes_xc71024_1475.png,troglodytes
1777,palumbus_xc94614_2655.png,palumbus
1778,philomelos_xc146756_1475.png,philomelos
1779,scirpaceus_xc27999_590.png,scirpaceus
1780,stellata_xc58571_2065.png,stellata
1781,calandra_xc125777_2065.png,calandra
1782,coelebs_xc121597_2950.png,coelebs
1783,arvensis_xc158166_295.png,arvensis
1784,calandra_xc125777_2655.png,calandra
1785,megarhynchos_xc123810_5605.png,megarhynchos
1786,cannabina_xc125782_4425.png,cannabina
1787,arvensis_xc123169_885.png,arvensis
1788,arvensis_xc158166_3835.png,arvensis
1789,trochilus_xc121601_5900.png,trochilus
1790,schoenobaenus_xc120666_1180.png,schoenobaenus
1791,vanellus_xc97982_2950.png,vanellus
1792,arvensis_xc123170_3540.png,arvensis
1793,frugilegus_xc27145_0.png,frugilegus
1794,stellata_xc58579_1770.png,stellata
1795,rubecula_xc30390_1475.png,rubecula
1796,borin_xc102932_5015.png,borin
1797,communis_xc76742_2065.png,communis
1798,montanus_xc90122_295.png,montanus
1799,scirpaceus_xc124053_6490.png,scirpaceus
1800,familiaris_xc130409_0.png,familiaris
1801,carduelis_xc97792_1770.png,carduelis
1802,cannabina_xc125782_3245.png,cannabina
1803,megarhynchos_xc123810_2655.png,megarhynchos
1804,stellata_xc58579_1475.png,stellata
1805,collybita_xc153833_2360.png,collybita
1806,ostralegus_xc76241_1180.png,ostralegus
1807,calandra_xc123167_5015.png,calandra
1808,aluco_xc67089_2065.png,aluco
1809,scirpaceus_xc124052_3540.png,scirpaceus
1810,ostralegus_xc76241_2360.png,ostralegus
1811,sibilatrix_xc101862_1770.png,sibilatrix
1812,coelebs_xc42803_2065.png,coelebs
1813,martius_xc155975_1180.png,martius
1814,cannabina_xc102060_1180.png,cannabina
1815,torquilla_xc133054_3245.png,torquilla
1816,vanellus_xc97982_3245.png,vanellus
1817,borin_xc146260_6785.png,borin
1818,borin_xc49443_885.png,borin
1819,rustica_xc157331_2950.png,rustica
1820,scirpaceus_xc124053_2065.png,scirpaceus
1821,oenas_xc77429_0.png,oenas
1822,rubecula_xc30390_1180.png,rubecula
1823,calandra_xc123167_2065.png,calandra
1824,palumbus_xc94614_2065.png,palumbus
1825,arvensis_xc158166_885.png,arvensis
1826,merula_xc127996_2065.png,merula
1827,calandra_xc125777_8555.png,calandra
1828,caeruleus_xc44203_2065.png,caeruleus
1829,philomelos_xc132392_5015.png,philomelos
1830,montanus_xc90122_1770.png,montanus
1831,arvensis_xc123170_15635.png,arvensis
1832,arvensis_xc123170_9440.png,arvensis
1833,monedula_xc156262_1180.png,monedula
1834,familiaris_xc146753_0.png,familiaris
1835,pyrrhula_xc146707_885.png,pyrrhula
1836,arvensis_xc123170_14160.png,arvensis
1837,troglodytes_xc133872_2065.png,troglodytes
1838,borin_xc102932_885.png,borin
1839,megarhynchos_xc123810_5015.png,megarhynchos
1840,arvensis_xc158166_8260.png,arvensis
1841,rustica_xc157279_1180.png,rustica
1842,pratensis_xc142431_0.png,pratensis
1843,oenas_xc89994_885.png,oenas
1844,pyrrhula_xc146707_1770.png,pyrrhula
1845,canorus_xc37447_590.png,canorus
1846,major_xc122555_0.png,major
1847,striata_xc103145_590.png,striata
1848,glareola_xc102869_1180.png,glareola
1849,trochilus_xc121601_590.png,trochilus
1850,curvirostra_xc94211_885.png,curvirostra
1851,fluviatilis_xc140557_3245.png,fluviatilis
1852,glandarius_xc46223_2655.png,glandarius
1853,modularis_xc70132_2065.png,modularis
1854,calandra_xc123168_3835.png,calandra
1855,borin_xc146260_1475.png,borin
1856,montanus_xc90122_590.png,montanus
1857,caudatus_xc113082_590.png,caudatus
1858,oriolus_xc101377_1180.png,oriolus
1859,philomelos_xc146756_590.png,philomelos
1860,oenas_xc89994_0.png,oenas
1861,rustica_xc157322_2655.png,rustica
1862,pratensis_xc142431_1180.png,pratensis
1863,calandra_xc123167_4720.png,calandra
1864,sibilatrix_xc101934_295.png,sibilatrix
1865,oenas_xc77429_3245.png,oenas
1866,cannabina_xc125782_7965.png,cannabina
1867,rustica_xc157331_2360.png,rustica
1868,major_xc71454_1475.png,major
1869,vanellus_xc27060_295.png,vanellus
1870,communis_xc76742_2655.png,communis
1871,coelebs_xc42803_590.png,coelebs
1872,colchicus_xc121326_885.png,colchicus
1873,borin_xc102932_1180.png,borin
1874,chloris_xc28961_0.png,chloris
1875,arvensis_xc123170_13275.png,arvensis
1876,philomelos_xc132392_12980.png,philomelos
1877,urbicum_xc133444_885.png,urbicum
1878,urbicum_xc148465_295.png,urbicum
1879,arvensis_xc123170_16225.png,arvensis
1880,domesticus_xc151150_295.png,domesticus
1881,fluviatilis_xc110303_0.png,fluviatilis
1882,squatarola_xc160879_1475.png,squatarola
1883,curvirostra_xc94211_1475.png,curvirostra
1884,viridis_xc153131_0.png,viridis
1885,oenas_xc77429_3835.png,oenas
1886,arvensis_xc123169_12095.png,arvensis
1887,trochilus_xc121601_11210.png,trochilus
1888,turtur_xc75092_885.png,turtur
1889,montanus_xc143465_2065.png,montanus
1890,iliacus_xc27962_1180.png,iliacus
1891,montanus_xc143465_2950.png,montanus
1892,atricapilla_xc94967_295.png,atricapilla
1893,coelebs_xc121597_5310.png,coelebs
1894,domesticus_xc134291_590.png,domesticus
1895,trochilus_xc121601_7080.png,trochilus
1896,collybita_xc121963_885.png,collybita
1897,communis_xc76740_590.png,communis
1898,collybita_xc71748_0.png,collybita
1899,rustica_xc157331_590.png,rustica
1900,urbicum_xc148465_0.png,urbicum
1901,phoenicurus_xc76760_590.png,phoenicurus
1902,sibilatrix_xc101935_1475.png,sibilatrix
1903,corax_xc143170_590.png,corax
1904,sibilatrix_xc101935_295.png,sibilatrix
1905,fluviatilis_xc140557_1180.png,fluviatilis
1906,calandra_xc125777_9145.png,calandra
1907,megarhynchos_xc123808_14455.png,megarhynchos
1908,borin_xc146260_2655.png,borin
1909,major_xc72629_0.png,major
1910,megarhynchos_xc123808_14160.png,megarhynchos
1911,arvensis_xc158166_6195.png,arvensis
1912,calandra_xc125777_6490.png,calandra
1913,calandra_xc123167_7670.png,calandra
1914,canorus_xc37447_885.png,canorus
1915,megarhynchos_xc123810_3835.png,megarhynchos
1916,schoenobaenus_xc120666_295.png,schoenobaenus
1917,frugilegus_xc143002_295.png,frugilegus
1918,arvensis_xc123169_14160.png,arvensis
1919,arvensis_xc123169_7670.png,arvensis
1920,arvensis_xc123169_13570.png,arvensis
1921,trochilus_xc121601_9145.png,trochilus
1922,urbicum_xc142697_885.png,urbicum
1923,modularis_xc70132_590.png,modularis
1924,arvensis_xc158166_0.png,arvensis
1925,oenas_xc77429_1180.png,oenas
1926,arvensis_xc123169_9145.png,arvensis
1927,stellata_xc58571_590.png,stellata
1928,philomelos_xc132392_13570.png,philomelos
1929,megarhynchos_xc123810_4425.png,megarhynchos
1930,trochilus_xc121601_10915.png,trochilus
1931,turtur_xc40186_590.png,turtur
1932,atricapilla_xc94967_2065.png,atricapilla
1933,schoenobaenus_xc120664_885.png,schoenobaenus
1934,martius_xc155975_295.png,martius
1935,rubecula_xc30390_1770.png,rubecula
1936,trivialis_xc99299_295.png,trivialis
1937,calandra_xc123168_590.png,calandra
1938,stellata_xc58573_295.png,stellata
1939,rubecula_xc133862_1770.png,rubecula
1940,coelebs_xc122548_295.png,coelebs
1941,scirpaceus_xc27999_885.png,scirpaceus
1942,trochilus_xc121601_15340.png,trochilus
1943,collybita_xc153833_5605.png,collybita
1944,borin_xc49443_1770.png,borin
1945,megarhynchos_xc123808_3835.png,megarhynchos
1946,major_xc122555_1180.png,major
1947,chloropus_xc26789_5900.png,chloropus
1948,torquilla_xc133471_5605.png,torquilla
1949,vanellus_xc27060_2065.png,vanellus
1950,collybita_xc71748_885.png,collybita
1951,iliacus_xc27962_590.png,iliacus
1952,cannabina_xc145534_1475.png,cannabina
1953,calandra_xc123167_9145.png,calandra
1954,turtur_xc144991_0.png,turtur
1955,coelebs_xc42803_2655.png,coelebs
1956,glareola_xc102868_0.png,glareola
1957,rubecula_xc30390_5605.png,rubecula
1958,vulgaris_xc144382_3245.png,vulgaris
1959,arvensis_xc123169_16520.png,arvensis
1960,aluco_xc76765_1770.png,aluco
1961,philomelos_xc132392_5605.png,philomelos
1962,iliacus_xc27962_885.png,iliacus
1963,coelebs_xc121597_4720.png,coelebs
1964,megarhynchos_xc123808_6195.png,megarhynchos
1965,glareola_xc102869_0.png,glareola
1966,montanus_xc143465_1770.png,montanus
1967,oriolus_xc101377_3835.png,oriolus
1968,palustris_xc46032_1770.png,palustris
1969,merula_xc127996_590.png,merula
1970,totanus_xc83912_2360.png,totanus
1971,montanus_xc90122_3245.png,montanus
1972,caeruleus_xc44203_1475.png,caeruleus
1973,philomelos_xc132392_2360.png,philomelos
1974,trochilus_xc121601_13275.png,trochilus
1975,familiaris_xc130409_885.png,familiaris
1976,rustica_xc157279_1475.png,rustica
1977,arvensis_xc123169_0.png,arvensis
1978,rustica_xc157331_1180.png,rustica
1979,philomelos_xc132392_0.png,philomelos
1980,atra_xc44707_0.png,atra
1981,ostralegus_xc25754_590.png,ostralegus
1982,calandra_xc125777_4130.png,calandra
1983,apivorus_xc146062_590.png,apivorus
1984,lagopus_xc130283_1180.png,lagopus
1985,atricapilla_xc94964_0.png,atricapilla
1986,lagopus_xc130283_590.png,lagopus
1987,palustris_xc46032_1475.png,palustris
1988,coelebs_xc121597_2065.png,coelebs
1989,martius_xc130426_295.png,martius
1990,torquilla_xc133471_885.png,torquilla
1991,arvensis_xc123169_12390.png,arvensis
1992,palumbus_xc94614_2950.png,palumbus
1993,montanus_xc143465_590.png,montanus
1994,troglodytes_xc71024_2950.png,troglodytes
1995,oenas_xc89994_590.png,oenas
1996,borin_xc146260_9145.png,borin
1997,ater_xc132149_0.png,ater
1998,arvensis_xc123170_20060.png,arvensis
1999,corone_xc96133_590.png,corone
2000,merula_xc127996_0.png,merula
2001,megarhynchos_xc123808_10915.png,megarhynchos
2002,iliacus_xc27962_0.png,iliacus
2003,megarhynchos_xc123808_1180.png,megarhynchos
2004,calandra_xc123168_9440.png,calandra
2005,trivialis_xc33395_0.png,trivialis
2006,palumbus_xc94614_3835.png,palumbus
2007,coelebs_xc121597_3245.png,coelebs
2008,apiaster_xc148426_295.png,apiaster
2009,pratensis_xc30614_3540.png,pratensis
2010,regulus_xc78958_590.png,regulus
2011,citrinella_xc102106_590.png,citrinella
2012,chloropus_xc82701_1180.png,chloropus
2013,borin_xc146260_11800.png,borin
2014,megarhynchos_xc123810_590.png,megarhynchos
2015,scirpaceus_xc124053_4130.png,scirpaceus
2016,flava_xc36637_0.png,flava
2017,arvensis_xc123170_17700.png,arvensis
2018,coelebs_xc42803_885.png,coelebs
2019,arvensis_xc123170_17405.png,arvensis
2020,rustica_xc157322_2065.png,rustica
2021,palustris_xc82715_295.png,palustris
2022,atricapilla_xc94967_1770.png,atricapilla
2023,chloropus_xc26789_4130.png,chloropus
2024,torquilla_xc133471_3245.png,torquilla
2025,megarhynchos_xc123810_2065.png,megarhynchos
2026,montanus_xc164926_0.png,montanus
2027,philomelos_xc96608_2950.png,philomelos
2028,communis_xc76742_2360.png,communis
2029,merula_xc127996_3835.png,merula
2030,aluco_xc76765_1475.png,aluco
2031,viridis_xc153131_1180.png,viridis
2032,rustica_xc157322_3245.png,rustica
2033,torquilla_xc133471_2065.png,torquilla
2034,ostralegus_xc76241_1770.png,ostralegus
2035,atricapilla_xc94967_885.png,atricapilla
2036,familiaris_xc146753_295.png,familiaris
2037,apricaria_xc85842_1180.png,apricaria
2038,merula_xc94958_295.png,merula
2039,familiaris_xc130409_1475.png,familiaris
2040,familiaris_xc130409_2655.png,familiaris
2041,atricapilla_xc94967_590.png,atricapilla
2042,schoenobaenus_xc120666_5605.png,schoenobaenus
2043,alpina_xc83894_1475.png,alpina
2044,ater_xc132149_5015.png,ater
2045,apricaria_xc42343_1180.png,apricaria
2046,borin_xc146260_4425.png,borin
2047,citrinella_xc102107_2655.png,citrinella
2048,torquilla_xc133054_5310.png,torquilla
2049,arvensis_xc123170_12685.png,arvensis
2050,aluco_xc76765_3245.png,aluco
2051,arvensis_xc123169_2360.png,arvensis
2052,coelebs_xc121597_2360.png,coelebs
2053,cannabina_xc145534_885.png,cannabina
2054,stellata_xc58579_4720.png,stellata
2055,corone_xc96133_0.png,corone
2056,pica_xc121016_1475.png,pica
2057,trochilus_xc121601_9735.png,trochilus
2058,glareola_xc102869_1475.png,glareola
2059,megarhynchos_xc123808_6785.png,megarhynchos
2060,fluviatilis_xc83760_295.png,fluviatilis
2061,frugilegus_xc143002_0.png,frugilegus
2062,pratensis_xc138979_590.png,pratensis
2063,collybita_xc153833_4720.png,collybita
2064,megarhynchos_xc123808_11505.png,megarhynchos
2065,curvirostra_xc94212_0.png,curvirostra
2066,trochilus_xc121601_2360.png,trochilus
2067,cannabina_xc145534_295.png,cannabina
2068,vanellus_xc27060_0.png,vanellus
2069,fluviatilis_xc140557_1770.png,fluviatilis
2070,schoenobaenus_xc120666_5310.png,schoenobaenus
2071,megarhynchos_xc123808_11210.png,megarhynchos
2072,apivorus_xc146062_295.png,apivorus
2073,fluviatilis_xc140557_0.png,fluviatilis
2074,caeruleus_xc131316_2360.png,caeruleus
2075,schoenobaenus_xc120666_6490.png,schoenobaenus
2076,calandra_xc123167_4130.png,calandra
2077,regulus_xc106846_3245.png,regulus
2078,aguimp_xc41428_295.png,aguimp
2079,pratensis_xc142431_1770.png,pratensis
2080,vanellus_xc69855_295.png,vanellus
2081,torquilla_xc133054_1770.png,torquilla
2082,arvensis_xc123170_4425.png,arvensis
2083,citrinella_xc145533_1180.png,citrinella
2084,glandarius_xc46223_295.png,glandarius
2085,rustica_xc157322_1770.png,rustica
2086,vanellus_xc97982_590.png,vanellus
2087,megarhynchos_xc123808_5605.png,megarhynchos
2088,totanus_xc83912_885.png,totanus
2089,stellata_xc58579_885.png,stellata
2090,calandra_xc123168_3540.png,calandra
2091,calandra_xc123167_9735.png,calandra
2092,carduelis_xc133886_0.png,carduelis
2093,coelebs_xc121597_1770.png,coelebs
2094,turtur_xc75092_0.png,turtur
2095,calandra_xc125777_2360.png,calandra
2096,vulgaris_xc42698_590.png,vulgaris
2097,phoenicurus_xc76760_295.png,phoenicurus
2098,arvensis_xc123170_7965.png,arvensis
2099,vulgaris_xc144382_2360.png,vulgaris
2100,domesticus_xc151150_1770.png,domesticus
2101,torquilla_xc133054_4425.png,torquilla
2102,squatarola_xc160879_0.png,squatarola
2103,oriolus_xc27152_2950.png,oriolus
2104,trivialis_xc99299_885.png,trivialis
2105,rubecula_xc30390_3540.png,rubecula
2106,collybita_xc71748_295.png,collybita
2107,borin_xc146260_885.png,borin
2108,rustica_xc157322_0.png,rustica
2109,aguimp_xc125137_0.png,aguimp
2110,curvirostra_xc99862_295.png,curvirostra
2111,martius_xc155975_1770.png,martius
2112,stellata_xc58579_5015.png,stellata
2113,fluviatilis_xc110303_2065.png,fluviatilis
2114,schoeniclus_xc86327_295.png,schoeniclus
2115,vulgaris_xc144382_2950.png,vulgaris
2116,borin_xc146260_8260.png,borin
2117,apus_xc139552_295.png,apus
2118,oriolus_xc101377_3245.png,oriolus
2119,apricaria_xc42344_0.png,apricaria
2120,gallinago_xc27080_295.png,gallinago
2121,citrinella_xc102107_2950.png,citrinella
2122,megarhynchos_xc123808_5015.png,megarhynchos
2123,oriolus_xc101377_0.png,oriolus
2124,scirpaceus_xc124053_6195.png,scirpaceus
2125,merula_xc127996_6195.png,merula
2126,merula_xc127996_9735.png,merula
2127,lagopus_xc149806_295.png,lagopus
2128,trochilus_xc121601_8850.png,trochilus
2129,rustica_xc157331_8555.png,rustica
2130,schoeniclus_xc86327_1180.png,schoeniclus
2131,coelebs_xc42803_1770.png,coelebs
2132,modularis_xc70132_885.png,modularis
2133,schoenobaenus_xc120666_2360.png,schoenobaenus
2134,rustica_xc157279_2360.png,rustica
2135,scirpaceus_xc124052_2065.png,scirpaceus
2136,communis_xc135521_0.png,communis
