,Unnamed: 0,name,speices
1592,1592,philomelos_xc132392_7965.png,philomelos
1458,1458,communis_xc135521_1770.png,communis
1003,1003,calandra_xc125777_7080.png,calandra
189,189,martius_xc155975_885.png,martius
767,767,familiaris_xc70129_0.png,familiaris
1849,1849,trochilus_xc121601_590.png,trochilus
1273,1273,calandra_xc123167_295.png,calandra
1728,1728,borin_xc146260_14750.png,borin
1280,1280,apus_xc67307_590.png,apus
1847,1847,striata_xc103145_590.png,striata
240,240,domesticus_xc134291_295.png,domesticus
687,687,colchicus_xc121326_0.png,colchicus
1518,1518,europaea_xc78951_590.png,europaea
2019,2019,arvensis_xc123170_17405.png,arvensis
791,791,cannabina_xc145534_1180.png,cannabina
1258,1258,glandarius_xc46223_2065.png,glandarius
616,616,totanus_xc83912_0.png,totanus
651,651,cannabina_xc102060_590.png,cannabina
1526,1526,torquilla_xc133054_3835.png,torquilla
529,529,modularis_xc70132_1770.png,modularis
523,523,calandra_xc123167_6785.png,calandra
1041,1041,rustica_xc157279_3540.png,rustica
1324,1324,flava_xc102788_295.png,flava
493,493,palustris_xc82715_0.png,palustris
731,731,monedula_xc121691_590.png,monedula
1149,1149,collybita_xc153833_0.png,collybita
413,413,caudatus_xc113082_0.png,caudatus
486,486,arvensis_xc123169_16815.png,arvensis
546,546,sibilatrix_xc101862_2065.png,sibilatrix
1194,1194,gallinago_xc27080_1180.png,gallinago
1362,1362,coelebs_xc121597_2655.png,coelebs
945,945,schoenobaenus_xc120664_590.png,schoenobaenus
1463,1463,merula_xc127996_1475.png,merula
842,842,montanus_xc143465_3245.png,montanus
169,169,collybita_xc153833_590.png,collybita
1185,1185,aluco_xc64728_1770.png,aluco
1163,1163,arvensis_xc123170_12390.png,arvensis
681,681,vulgaris_xc42698_885.png,vulgaris
19,19,montanus_xc143465_5900.png,montanus
1417,1417,pyrrhula_xc83357_295.png,pyrrhula
48,48,pratensis_xc142431_2360.png,pratensis
1578,1578,domesticus_xc151150_885.png,domesticus
556,556,rustica_xc157331_13275.png,rustica
865,865,collybita_xc153833_3835.png,collybita
1368,1368,borin_xc146260_7080.png,borin
629,629,regulus_xc78958_295.png,regulus
1672,1672,calandra_xc125777_4720.png,calandra
1038,1038,megarhynchos_xc123808_2950.png,megarhynchos
636,636,palustris_xc26578_0.png,palustris
1069,1069,arvensis_xc123169_18290.png,arvensis
1642,1642,palustris_xc64686_0.png,palustris
329,329,stellata_xc58573_2360.png,stellata
353,353,pratensis_xc30614_4720.png,pratensis
1125,1125,arvensis_xc123169_11210.png,arvensis
984,984,palumbus_xc130993_0.png,palumbus
524,524,apiaster_xc148426_590.png,apiaster
1286,1286,curvirostra_xc94211_1180.png,curvirostra
1657,1657,collybita_xc153833_295.png,collybita
550,550,rubecula_xc30390_3835.png,rubecula
1598,1598,trivialis_xc33395_1475.png,trivialis
930,930,troglodytes_xc71024_2360.png,troglodytes
148,148,ostralegus_xc25754_0.png,ostralegus
316,316,monedula_xc156262_1475.png,monedula
1238,1238,aguimp_xc118441_0.png,aguimp
878,878,megarhynchos_xc132580_0.png,megarhynchos
1315,1315,trochilus_xc121601_12980.png,trochilus
1397,1397,oriolus_xc27152_590.png,oriolus
1268,1268,arvensis_xc123169_3540.png,arvensis
973,973,megarhynchos_xc123808_6490.png,megarhynchos
932,932,glandarius_xc46223_590.png,glandarius
1338,1338,rubecula_xc30390_295.png,rubecula
2117,2117,apus_xc139552_295.png,apus
1408,1408,vulgaris_xc144382_2655.png,vulgaris
1568,1568,frugilegus_xc143005_0.png,frugilegus
1979,1979,philomelos_xc132392_0.png,philomelos
879,879,arvensis_xc123170_8555.png,arvensis
470,470,vulgaris_xc144382_0.png,vulgaris
885,885,borin_xc49443_3835.png,borin
1774,1774,scirpaceus_xc124053_1180.png,scirpaceus
376,376,glandarius_xc46223_1475.png,glandarius
1205,1205,troglodytes_xc71024_4130.png,troglodytes
283,283,pica_xc121016_590.png,pica
1034,1034,caeruleus_xc44203_590.png,caeruleus
1527,1527,borin_xc102932_0.png,borin
1514,1514,trochilus_xc121601_6785.png,trochilus
715,715,vulgaris_xc42698_2950.png,vulgaris
1586,1586,collybita_xc153833_3540.png,collybita
275,275,calandra_xc125777_7670.png,calandra
1179,1179,borin_xc146260_11210.png,borin
1776,1776,troglodytes_xc71024_1475.png,troglodytes
202,202,stellata_xc58579_3540.png,stellata
2093,2093,coelebs_xc121597_1770.png,coelebs
35,35,atricapilla_xc94967_4425.png,atricapilla
713,713,montanus_xc143465_5310.png,montanus
170,170,sibilatrix_xc101934_590.png,sibilatrix
1208,1208,borin_xc146260_12685.png,borin
82,82,cannabina_xc125782_2065.png,cannabina
976,976,rubecula_xc30390_2655.png,rubecula
1167,1167,scirpaceus_xc124052_3835.png,scirpaceus
581,581,scirpaceus_xc124052_4720.png,scirpaceus
1465,1465,palustris_xc82715_590.png,palustris
475,475,calandra_xc123167_10915.png,calandra
1652,1652,ostralegus_xc76241_2655.png,ostralegus
1934,1934,martius_xc155975_295.png,martius
1824,1824,palumbus_xc94614_2065.png,palumbus
152,152,citrinella_xc102107_1180.png,citrinella
662,662,vulgaris_xc42698_1475.png,vulgaris
1532,1532,philomelos_xc132392_9735.png,philomelos
1061,1061,borin_xc146260_10915.png,borin
905,905,montanus_xc143465_5605.png,montanus
1039,1039,alpina_xc83894_590.png,alpina
1082,1082,merula_xc72861_0.png,merula
676,676,totanus_xc83912_3245.png,totanus
1070,1070,troglodytes_xc133872_2360.png,troglodytes
1801,1801,carduelis_xc97792_1770.png,carduelis
500,500,caeruleus_xc44203_0.png,caeruleus
501,501,schoenobaenus_xc76767_0.png,schoenobaenus
907,907,philomelos_xc96608_885.png,philomelos
607,607,calandra_xc125777_885.png,calandra
722,722,rustica_xc157331_10325.png,rustica
52,52,ater_xc95058_885.png,ater
597,597,perdix_xc42430_590.png,perdix
1213,1213,cannabina_xc102060_1475.png,cannabina
1612,1612,trochilus_xc121601_2655.png,trochilus
266,266,fluviatilis_xc110303_3245.png,fluviatilis
331,331,vanellus_xc97982_885.png,vanellus
311,311,arvensis_xc123169_9440.png,arvensis
802,802,cannabina_xc125782_1180.png,cannabina
289,289,arvensis_xc123170_5310.png,arvensis
262,262,ater_xc98842_885.png,ater
736,736,arvensis_xc123169_5310.png,arvensis
1710,1710,chloropus_xc82701_2950.png,chloropus
39,39,atricapilla_xc94967_1475.png,atricapilla
1935,1935,rubecula_xc30390_1770.png,rubecula
92,92,megarhynchos_xc123810_4720.png,megarhynchos
115,115,borin_xc146260_15930.png,borin
481,481,alpina_xc83894_295.png,alpina
1305,1305,canorus_xc134671_0.png,canorus
2071,2071,megarhynchos_xc123808_11210.png,megarhynchos
1543,1543,regulus_xc106846_1770.png,regulus
245,245,borin_xc102932_1770.png,borin
1297,1297,trivialis_xc33395_1180.png,trivialis
1027,1027,apricaria_xc42344_2950.png,apricaria
210,210,urbicum_xc133444_1180.png,urbicum
1693,1693,calandra_xc123167_3835.png,calandra
811,811,montanus_xc143465_885.png,montanus
1306,1306,lagopus_xc149806_0.png,lagopus
1670,1670,ostralegus_xc53817_0.png,ostralegus
527,527,arvensis_xc123169_18880.png,arvensis
222,222,modularis_xc145537_0.png,modularis
1744,1744,calandra_xc123167_5900.png,calandra
1171,1171,montanus_xc143465_295.png,montanus
112,112,aluco_xc76765_590.png,aluco
617,617,arvensis_xc123170_2065.png,arvensis
804,804,chloropus_xc82701_295.png,chloropus
1709,1709,cannabina_xc102060_295.png,cannabina
280,280,torquilla_xc133054_4130.png,torquilla
334,334,rustica_xc157331_8850.png,rustica
1147,1147,major_xc71454_590.png,major
1192,1192,calandra_xc125777_5900.png,calandra
168,168,palumbus_xc94614_295.png,palumbus
1132,1132,arvensis_xc123169_2065.png,arvensis
358,358,borin_xc102932_1475.png,borin
776,776,montanus_xc90122_2950.png,montanus
44,44,urbicum_xc142697_590.png,urbicum
1424,1424,scirpaceus_xc124053_1475.png,scirpaceus
917,917,ater_xc98842_0.png,ater
1124,1124,cannabina_xc125782_8555.png,cannabina
954,954,palumbus_xc94615_590.png,palumbus
1507,1507,pratensis_xc142431_2950.png,pratensis
93,93,curvirostra_xc99862_0.png,curvirostra
309,309,totanus_xc83912_1180.png,totanus
443,443,canadensis_xc94584_0.png,canadensis
1777,1777,palumbus_xc94614_2655.png,palumbus
1183,1183,lagopus_xc149806_1180.png,lagopus
994,994,apricaria_xc85842_885.png,apricaria
324,324,montanus_xc90122_4425.png,montanus
398,398,cannabina_xc145534_1770.png,cannabina
1766,1766,vulgaris_xc42698_3245.png,vulgaris
963,963,borin_xc146260_12980.png,borin
371,371,troglodytes_xc133872_2655.png,troglodytes
1567,1567,fluviatilis_xc140557_2655.png,fluviatilis
576,576,glandarius_xc46223_885.png,glandarius
519,519,regulus_xc49540_295.png,regulus
566,566,apiaster_xc148426_1475.png,apiaster
1392,1392,trochilus_xc121601_11800.png,trochilus
1983,1983,apivorus_xc146062_590.png,apivorus
2015,2015,scirpaceus_xc124053_4130.png,scirpaceus
1086,1086,striata_xc103145_1180.png,striata
538,538,monedula_xc156262_0.png,monedula
567,567,apus_xc77645_295.png,apus
129,129,fluviatilis_xc140557_2065.png,fluviatilis
1162,1162,pratensis_xc138979_885.png,pratensis
1365,1365,borin_xc49443_4130.png,borin
670,670,urbicum_xc133444_0.png,urbicum
1300,1300,caeruleus_xc42178_295.png,caeruleus
855,855,scirpaceus_xc124053_2950.png,scirpaceus
1479,1479,schoeniclus_xc102048_0.png,schoeniclus
2,2,caudatus_xc101371_295.png,caudatus
886,886,borin_xc146260_10620.png,borin
1711,1711,arvensis_xc158166_1475.png,arvensis
1506,1506,megarhynchos_xc123808_7670.png,megarhynchos
131,131,fluviatilis_xc110303_1475.png,fluviatilis
925,925,arvensis_xc123170_1770.png,arvensis
1327,1327,ater_xc95058_590.png,ater
589,589,domesticus_xc134291_0.png,domesticus
1735,1735,borin_xc146260_1180.png,borin
244,244,megarhynchos_xc123810_3245.png,megarhynchos
13,13,schoenobaenus_xc120666_885.png,schoenobaenus
1767,1767,fluviatilis_xc83760_590.png,fluviatilis
2043,2043,alpina_xc83894_1475.png,alpina
2062,2062,pratensis_xc138979_590.png,pratensis
1446,1446,philomelos_xc96608_2360.png,philomelos
1597,1597,caeruleus_xc42178_590.png,caeruleus
1725,1725,calandra_xc125777_1770.png,calandra
217,217,caudatus_xc101371_590.png,caudatus
2094,2094,turtur_xc75092_0.png,turtur
1260,1260,schoenobaenus_xc120666_6195.png,schoenobaenus
1253,1253,glandarius_xc127136_0.png,glandarius
411,411,rubecula_xc30390_2360.png,rubecula
1276,1276,trochilus_xc121601_13865.png,trochilus
2034,2034,ostralegus_xc76241_1770.png,ostralegus
2081,2081,torquilla_xc133054_1770.png,torquilla
610,610,oriolus_xc27152_1180.png,oriolus
1668,1668,oenas_xc77429_590.png,oenas
1360,1360,ater_xc132149_590.png,ater
765,765,curruca_xc101932_0.png,curruca
935,935,scirpaceus_xc124052_0.png,scirpaceus
1986,1986,lagopus_xc130283_590.png,lagopus
751,751,rustica_xc157279_295.png,rustica
1584,1584,torquilla_xc133054_4720.png,torquilla
890,890,calandra_xc123167_3245.png,calandra
2007,2007,coelebs_xc121597_3245.png,coelebs
1220,1220,rustica_xc157279_885.png,rustica
1076,1076,apricaria_xc42343_590.png,apricaria
1913,1913,calandra_xc123167_7670.png,calandra
574,574,collybita_xc153833_4425.png,collybita
1299,1299,caeruleus_xc131316_1180.png,caeruleus
149,149,borin_xc49443_1475.png,borin
391,391,montanus_xc90122_2065.png,montanus
1723,1723,montanus_xc90122_3835.png,montanus
1429,1429,apricaria_xc42343_295.png,apricaria
1628,1628,collybita_xc121963_590.png,collybita
560,560,atra_xc130639_0.png,atra
1281,1281,coelebs_xc42803_1475.png,coelebs
542,542,decaocto_xc101941_0.png,decaocto
934,934,palumbus_xc94614_4425.png,palumbus
1925,1925,oenas_xc77429_1180.png,oenas
1340,1340,communis_xc135521_295.png,communis
1663,1663,striata_xc134042_0.png,striata
1382,1382,coelebs_xc122548_885.png,coelebs
1954,1954,turtur_xc144991_0.png,turtur
1569,1569,borin_xc146260_12390.png,borin
271,271,regulus_xc49540_1475.png,regulus
1888,1888,turtur_xc75092_885.png,turtur
1771,1771,troglodytes_xc133872_590.png,troglodytes
820,820,citrinella_xc145533_2065.png,citrinella
1975,1975,familiaris_xc130409_885.png,familiaris
1884,1884,viridis_xc153131_0.png,viridis
491,491,scirpaceus_xc124053_885.png,scirpaceus
1883,1883,curvirostra_xc94211_1475.png,curvirostra
1374,1374,philomelos_xc96608_2655.png,philomelos
160,160,pratensis_xc142431_295.png,pratensis
785,785,chloropus_xc26789_2950.png,chloropus
28,28,rustica_xc157279_2065.png,rustica
985,985,megarhynchos_xc123808_12390.png,megarhynchos
1117,1117,chloropus_xc82701_885.png,chloropus
1660,1660,totanus_xc110167_590.png,totanus
2020,2020,rustica_xc157322_2065.png,rustica
1781,1781,calandra_xc125777_2065.png,calandra
1637,1637,merula_xc127996_5605.png,merula
873,873,vulgaris_xc144382_885.png,vulgaris
1492,1492,collybita_xc153833_2655.png,collybita
1333,1333,scirpaceus_xc124053_5310.png,scirpaceus
1456,1456,stellata_xc58579_0.png,stellata
1731,1731,trochilus_xc121601_15045.png,trochilus
1696,1696,scirpaceus_xc124052_4425.png,scirpaceus
1834,1834,familiaris_xc146753_0.png,familiaris
234,234,aluco_xc76765_295.png,aluco
1882,1882,squatarola_xc160879_1475.png,squatarola
841,841,atra_xc31059_295.png,atra
1751,1751,philomelos_xc96608_2065.png,philomelos
1077,1077,domesticus_xc151150_2065.png,domesticus
1377,1377,oenas_xc77429_3540.png,oenas
1683,1683,apricaria_xc42343_1475.png,apricaria
1387,1387,torquilla_xc133054_2950.png,torquilla
1559,1559,calandra_xc123168_9145.png,calandra
1547,1547,curvirostra_xc99862_3245.png,curvirostra
2108,2108,rustica_xc157322_0.png,rustica
1772,1772,arvensis_xc123169_10915.png,arvensis
1880,1880,domesticus_xc151150_295.png,domesticus
2106,2106,collybita_xc71748_295.png,collybita
1231,1231,europaea_xc78951_0.png,europaea
133,133,ostralegus_xc53817_2360.png,ostralegus
389,389,rustica_xc157331_11800.png,rustica
1870,1870,communis_xc76742_2655.png,communis
484,484,oriolus_xc80356_590.png,oriolus
1669,1669,atricapilla_xc94964_295.png,atricapilla
10,10,regulus_xc106846_295.png,regulus
746,746,sibilatrix_xc101862_1180.png,sibilatrix
173,173,scirpaceus_xc124053_3245.png,scirpaceus
190,190,merula_xc127996_3540.png,merula
1517,1517,rubecula_xc30390_6490.png,rubecula
685,685,rustica_xc157331_6195.png,rustica
1758,1758,domesticus_xc29766_295.png,domesticus
1419,1419,major_xc122555_885.png,major
1878,1878,urbicum_xc148465_295.png,urbicum
1416,1416,totanus_xc83912_2950.png,totanus
2053,2053,cannabina_xc145534_885.png,cannabina
1843,1843,oenas_xc89994_885.png,oenas
699,699,flava_xc102788_1180.png,flava
97,97,glareola_xc102869_885.png,glareola
96,96,calandra_xc123167_1475.png,calandra
982,982,philomelos_xc132392_7375.png,philomelos
1135,1135,calandra_xc125777_5310.png,calandra
580,580,arvensis_xc158166_2655.png,arvensis
960,960,trochilus_xc121601_10325.png,trochilus
1948,1948,torquilla_xc133471_5605.png,torquilla
860,860,coelebs_xc122548_1475.png,coelebs
650,650,trochilus_xc121601_1180.png,trochilus
1897,1897,communis_xc76740_590.png,communis
894,894,aluco_xc76765_1180.png,aluco
485,485,vulgaris_xc42698_2655.png,vulgaris
883,883,rustica_xc157331_6785.png,rustica
572,572,palumbus_xc94615_885.png,palumbus
1423,1423,apricaria_xc42344_590.png,apricaria
439,439,ostralegus_xc53817_2655.png,ostralegus
1352,1352,philomelos_xc146756_0.png,philomelos
1852,1852,glandarius_xc46223_2655.png,glandarius
684,684,borin_xc102932_4425.png,borin
1008,1008,arvensis_xc158166_2065.png,arvensis
1262,1262,sibilatrix_xc101935_885.png,sibilatrix
226,226,rustica_xc157279_2655.png,rustica
2065,2065,curvirostra_xc94212_0.png,curvirostra
1610,1610,corone_xc98400_0.png,corone
986,986,calandra_xc123167_11210.png,calandra
786,786,flava_xc102788_885.png,flava
1158,1158,pratensis_xc30614_2360.png,pratensis
342,342,merula_xc127996_10915.png,merula
1718,1718,ostralegus_xc53817_1475.png,ostralegus
587,587,montanus_xc143465_7080.png,montanus
1296,1296,calandra_xc123168_5900.png,calandra
1542,1542,oenas_xc77429_2065.png,oenas
1854,1854,calandra_xc123168_3835.png,calandra
219,219,arvensis_xc123169_20355.png,arvensis
60,60,arvensis_xc123170_12095.png,arvensis
445,445,rustica_xc157331_10620.png,rustica
1932,1932,atricapilla_xc94967_2065.png,atricapilla
2051,2051,arvensis_xc123169_2360.png,arvensis
764,764,calandra_xc123167_1180.png,calandra
1134,1134,arvensis_xc123169_5605.png,arvensis
1740,1740,apus_xc67307_295.png,apus
98,98,rubecula_xc30390_4720.png,rubecula
808,808,ater_xc95058_0.png,ater
737,737,philomelos_xc132392_1770.png,philomelos
2037,2037,apricaria_xc85842_1180.png,apricaria
1914,1914,canorus_xc37447_885.png,canorus
536,536,gallinago_xc27080_885.png,gallinago
544,544,oriolus_xc80356_295.png,oriolus
1394,1394,argentatus_xc126481_0.png,argentatus
1553,1553,communis_xc76742_0.png,communis
116,116,borin_xc146260_14160.png,borin
1698,1698,calandra_xc123167_12095.png,calandra
247,247,calandra_xc123167_7375.png,calandra
1928,1928,philomelos_xc132392_13570.png,philomelos
347,347,arvensis_xc123170_13865.png,arvensis
1122,1122,philomelos_xc132392_1180.png,philomelos
1301,1301,megarhynchos_xc123808_13275.png,megarhynchos
1444,1444,palumbus_xc94614_4720.png,palumbus
2047,2047,citrinella_xc102107_2655.png,citrinella
185,185,montanus_xc143465_6785.png,montanus
105,105,domesticus_xc151150_1475.png,domesticus
788,788,collybita_xc121963_0.png,collybita
417,417,stellata_xc58579_295.png,stellata
455,455,stellata_xc58571_1475.png,stellata
1703,1703,curvirostra_xc94212_295.png,curvirostra
1659,1659,calandra_xc123167_10030.png,calandra
672,672,colchicus_xc149146_590.png,colchicus
1320,1320,aluco_xc67089_2360.png,aluco
2116,2116,borin_xc146260_8260.png,borin
1869,1869,vanellus_xc27060_295.png,vanellus
414,414,phoenicurus_xc76760_1475.png,phoenicurus
49,49,palumbus_xc94614_1770.png,palumbus
1176,1176,arvensis_xc123169_1180.png,arvensis
821,821,borin_xc146260_15045.png,borin
749,749,palumbus_xc94614_1475.png,palumbus
1688,1688,carduelis_xc97792_885.png,carduelis
1393,1393,palumbus_xc94614_2360.png,palumbus
801,801,borin_xc102932_2360.png,borin
2004,2004,calandra_xc123168_9440.png,calandra
1325,1325,megarhynchos_xc123808_13865.png,megarhynchos
1471,1471,regulus_xc106846_2950.png,regulus
494,494,arvensis_xc123170_2950.png,arvensis
2082,2082,arvensis_xc123170_4425.png,arvensis
32,32,iliacus_xc121168_885.png,iliacus
1835,1835,pyrrhula_xc146707_885.png,pyrrhula
25,25,cannabina_xc145534_3540.png,cannabina
1822,1822,rubecula_xc30390_1180.png,rubecula
1991,1991,arvensis_xc123169_12390.png,arvensis
2089,2089,stellata_xc58579_885.png,stellata
2084,2084,glandarius_xc46223_295.png,glandarius
1055,1055,megarhynchos_xc123810_4130.png,megarhynchos
1644,1644,borin_xc102932_590.png,borin
1685,1685,montanus_xc164926_590.png,montanus
297,297,caeruleus_xc44203_2360.png,caeruleus
1990,1990,torquilla_xc133471_885.png,torquilla
377,377,borin_xc49443_590.png,borin
85,85,trochilus_xc121601_3835.png,trochilus
1867,1867,rustica_xc157331_2360.png,rustica
732,732,curvirostra_xc99862_885.png,curvirostra
1576,1576,familiaris_xc130409_1770.png,familiaris
1414,1414,colchicus_xc149146_1770.png,colchicus
1348,1348,striata_xc139372_295.png,striata
478,478,merula_xc127996_4130.png,merula
1203,1203,scirpaceus_xc124052_4130.png,scirpaceus
657,657,troglodytes_xc71024_1770.png,troglodytes
2114,2114,schoeniclus_xc86327_295.png,schoeniclus
752,752,flava_xc102788_590.png,flava
1579,1579,calandra_xc123168_7670.png,calandra
1118,1118,gallinago_xc27080_0.png,gallinago
1864,1864,sibilatrix_xc101934_295.png,sibilatrix
1336,1336,caudatus_xc128853_0.png,caudatus
787,787,megarhynchos_xc123810_1770.png,megarhynchos
1571,1571,arvensis_xc123170_10620.png,arvensis
1926,1926,arvensis_xc123169_9145.png,arvensis
583,583,coelebs_xc42803_3835.png,coelebs
644,644,domesticus_xc29766_1180.png,domesticus
454,454,chloropus_xc26789_885.png,chloropus
461,461,corone_xc98400_590.png,corone
1247,1247,aluco_xc67089_1475.png,aluco
902,902,ater_xc98842_295.png,ater
1998,1998,arvensis_xc123170_20060.png,arvensis
1405,1405,philomelos_xc132392_6195.png,philomelos
1072,1072,arvensis_xc158166_3540.png,arvensis
1572,1572,borin_xc146260_2950.png,borin
1872,1872,colchicus_xc121326_885.png,colchicus
1929,1929,megarhynchos_xc123810_4425.png,megarhynchos
1535,1535,europaea_xc99937_295.png,europaea
534,534,communis_xc76740_0.png,communis
1307,1307,canorus_xc134671_295.png,canorus
238,238,philomelos_xc96608_1770.png,philomelos
1635,1635,merula_xc94958_0.png,merula
216,216,arvensis_xc158166_6490.png,arvensis
1806,1806,ostralegus_xc76241_1180.png,ostralegus
2068,2068,vanellus_xc27060_0.png,vanellus
1533,1533,trochilus_xc121601_12095.png,trochilus
570,570,pica_xc121016_0.png,pica
1919,1919,arvensis_xc123169_7670.png,arvensis
203,203,arvensis_xc123170_5900.png,arvensis
211,211,megarhynchos_xc123808_590.png,megarhynchos
1768,1768,coelebs_xc42803_3245.png,coelebs
399,399,rustica_xc157279_3835.png,rustica
2021,2021,palustris_xc82715_295.png,palustris
1765,1765,montanus_xc143465_5015.png,montanus
1395,1395,vanellus_xc27060_885.png,vanellus
1182,1182,vanellus_xc97982_1770.png,vanellus
949,949,philomelos_xc146756_2065.png,philomelos
1513,1513,stellata_xc58579_590.png,stellata
1087,1087,fluviatilis_xc83760_1180.png,fluviatilis
630,630,totanus_xc83912_1770.png,totanus
1793,1793,frugilegus_xc27145_0.png,frugilegus
1715,1715,arvensis_xc123169_3245.png,arvensis
312,312,glareola_xc102869_590.png,glareola
278,278,arvensis_xc158166_4720.png,arvensis
1367,1367,arvensis_xc123170_3245.png,arvensis
1501,1501,apiaster_xc148426_1770.png,apiaster
448,448,iliacus_xc27962_1475.png,iliacus
1645,1645,viridis_xc153131_590.png,viridis
1647,1647,phoenicurus_xc76760_1180.png,phoenicurus
700,700,montanus_xc164926_1180.png,montanus
14,14,urbicum_xc133444_1770.png,urbicum
1638,1638,ostralegus_xc76241_295.png,ostralegus
1982,1982,calandra_xc125777_4130.png,calandra
1267,1267,vulgaris_xc144382_295.png,vulgaris
1046,1046,cannabina_xc125782_885.png,cannabina
1862,1862,pratensis_xc142431_1180.png,pratensis
293,293,troglodytes_xc71024_3540.png,troglodytes
296,296,trivialis_xc33395_1770.png,trivialis
1074,1074,merula_xc127996_11505.png,merula
30,30,coelebs_xc42803_1180.png,coelebs
643,643,phoenicurus_xc76761_0.png,phoenicurus
1007,1007,totanus_xc83912_590.png,totanus
381,381,glareola_xc41816_590.png,glareola
1100,1100,montanus_xc43764_0.png,montanus
775,775,philomelos_xc132392_14750.png,philomelos
427,427,corax_xc64735_590.png,corax
733,733,megarhynchos_xc123810_295.png,megarhynchos
1853,1853,modularis_xc70132_2065.png,modularis
1154,1154,scirpaceus_xc27999_295.png,scirpaceus
1810,1810,ostralegus_xc76241_2360.png,ostralegus
555,555,megarhynchos_xc123808_7080.png,megarhynchos
233,233,calandra_xc123167_4425.png,calandra
661,661,cannabina_xc125782_7080.png,cannabina
201,201,megarhynchos_xc123808_2655.png,megarhynchos
62,62,cannabina_xc125782_3540.png,cannabina
1259,1259,major_xc98172_0.png,major
595,595,scirpaceus_xc124053_5015.png,scirpaceus
80,80,montanus_xc143465_4130.png,montanus
394,394,palumbus_xc94614_5015.png,palumbus
1732,1732,pica_xc121016_1180.png,pica
1030,1030,montanus_xc164926_2360.png,montanus
1816,1816,vanellus_xc97982_3245.png,vanellus
1498,1498,borin_xc49443_0.png,borin
499,499,trochilus_xc121601_3245.png,trochilus
393,393,fluviatilis_xc83760_885.png,fluviatilis
1632,1632,coelebs_xc42803_2950.png,coelebs
2026,2026,montanus_xc164926_0.png,montanus
1680,1680,torquilla_xc133054_2655.png,torquilla
22,22,ater_xc132149_2360.png,ater
1636,1636,philomelos_xc132392_15635.png,philomelos
314,314,pratensis_xc142431_3245.png,pratensis
1734,1734,coelebs_xc122548_1770.png,coelebs
1738,1738,atra_xc31059_0.png,atra
1829,1829,philomelos_xc132392_5015.png,philomelos
677,677,oriolus_xc80356_0.png,oriolus
1873,1873,borin_xc102932_1180.png,borin
1386,1386,vulgaris_xc42698_295.png,vulgaris
1438,1438,stellata_xc58573_1770.png,stellata
547,547,ater_xc132149_1180.png,ater
988,988,pratensis_xc30614_2065.png,pratensis
434,434,calandra_xc123168_7965.png,calandra
624,624,decaocto_xc101941_295.png,decaocto
1181,1181,oenas_xc77429_295.png,oenas
11,11,rubecula_xc30390_2065.png,rubecula
1040,1040,apricaria_xc42344_3540.png,apricaria
305,305,collybita_xc153833_1475.png,collybita
237,237,arvensis_xc123169_2950.png,arvensis
365,365,montanus_xc143465_4425.png,montanus
2001,2001,megarhynchos_xc123808_10915.png,megarhynchos
1743,1743,torquilla_xc133471_0.png,torquilla
1474,1474,citrinella_xc102107_590.png,citrinella
978,978,vanellus_xc27060_590.png,vanellus
1577,1577,totanus_xc83912_295.png,totanus
65,65,urbicum_xc148465_2655.png,urbicum
1439,1439,aluco_xc67089_1180.png,aluco
120,120,palustris_xc64685_0.png,palustris
1875,1875,arvensis_xc123170_13275.png,arvensis
1596,1596,megarhynchos_xc123808_4130.png,megarhynchos
432,432,squatarola_xc160879_1770.png,squatarola
648,648,megarhynchos_xc123810_0.png,megarhynchos
1062,1062,calandra_xc123168_7080.png,calandra
1534,1534,modularis_xc70132_0.png,modularis
1428,1428,vulgaris_xc42698_3540.png,vulgaris
1142,1142,vanellus_xc97982_1180.png,vanellus
2131,2131,coelebs_xc42803_1770.png,coelebs
1443,1443,flammea_xc132608_0.png,flammea
1923,1923,modularis_xc70132_590.png,modularis
1896,1896,collybita_xc121963_885.png,collybita
1146,1146,arvensis_xc123169_6195.png,arvensis
1981,1981,ostralegus_xc25754_590.png,ostralegus
729,729,ostralegus_xc53817_2065.png,ostralegus
843,843,lagopus_xc149806_885.png,lagopus
2109,2109,aguimp_xc125137_0.png,aguimp
403,403,philomelos_xc132392_14160.png,philomelos
832,832,trivialis_xc83705_1475.png,trivialis
557,557,ater_xc132149_885.png,ater
1764,1764,trochilus_xc121601_6490.png,trochilus
402,402,calandra_xc123167_2360.png,calandra
183,183,scirpaceus_xc27999_2360.png,scirpaceus
1131,1131,stellata_xc58579_6195.png,stellata
1020,1020,calandra_xc125777_7375.png,calandra
59,59,trochilus_xc121601_11505.png,trochilus
573,573,chloropus_xc26789_3245.png,chloropus
412,412,sibilatrix_xc101862_295.png,sibilatrix
1898,1898,collybita_xc71748_0.png,collybita
1318,1318,calandra_xc125777_1475.png,calandra
1795,1795,rubecula_xc30390_1475.png,rubecula
209,209,arvensis_xc123170_885.png,arvensis
584,584,oenas_xc89994_1475.png,oenas
1390,1390,turtur_xc75092_590.png,turtur
912,912,curvirostra_xc99862_2360.png,curvirostra
1459,1459,arvensis_xc123170_19470.png,arvensis
901,901,cannabina_xc102060_0.png,cannabina
921,921,colchicus_xc149146_2360.png,colchicus
124,124,torquilla_xc133471_2655.png,torquilla
1825,1825,arvensis_xc158166_885.png,arvensis
84,84,megarhynchos_xc123810_2950.png,megarhynchos
697,697,rustica_xc157279_3245.png,rustica
757,757,striata_xc103145_295.png,striata
1363,1363,stellata_xc58571_2360.png,stellata
628,628,decaocto_xc128851_1475.png,decaocto
1858,1858,oriolus_xc101377_1180.png,oriolus
1856,1856,montanus_xc90122_590.png,montanus
187,187,montanus_xc91185_0.png,montanus
166,166,familiaris_xc130409_2360.png,familiaris
1516,1516,apricaria_xc42344_5015.png,apricaria
274,274,coelebs_xc122548_2065.png,coelebs
1646,1646,coelebs_xc121597_590.png,coelebs
1016,1016,major_xc71454_1770.png,major
1391,1391,palustris_xc55184_0.png,palustris
796,796,calandra_xc123167_2655.png,calandra
553,553,regulus_xc49540_2065.png,regulus
268,268,gallinago_xc135270_0.png,gallinago
1437,1437,iliacus_xc27962_1770.png,iliacus
1639,1639,coelebs_xc122548_2655.png,coelebs
642,642,montanus_xc43764_590.png,montanus
1607,1607,arvensis_xc123169_12980.png,arvensis
171,171,torquilla_xc133471_1770.png,torquilla
1460,1460,aluco_xc64728_1180.png,aluco
1752,1752,philomelos_xc132392_16225.png,philomelos
823,823,philomelos_xc96608_1180.png,philomelos
492,492,arvensis_xc123169_12685.png,arvensis
1099,1099,regulus_xc49540_2360.png,regulus
66,66,decaocto_xc128851_885.png,decaocto
1422,1422,pratensis_xc30614_4130.png,pratensis
197,197,borin_xc146260_10325.png,borin
1269,1269,torquilla_xc133471_5310.png,torquilla
1350,1350,citrinella_xc102107_295.png,citrinella
1289,1289,arvensis_xc123170_6490.png,arvensis
9,9,europaea_xc99937_590.png,europaea
1488,1488,regulus_xc106846_0.png,regulus
198,198,philomelos_xc132392_13865.png,philomelos
783,783,megarhynchos_xc123808_1475.png,megarhynchos
100,100,megarhynchos_xc123808_14750.png,megarhynchos
480,480,stellata_xc58579_2655.png,stellata
123,123,coelebs_xc122548_590.png,coelebs
1823,1823,calandra_xc123167_2065.png,calandra
955,955,curruca_xc102278_0.png,curruca
1741,1741,chloropus_xc82701_1475.png,chloropus
1078,1078,colchicus_xc149146_1180.png,colchicus
748,748,canadensis_xc35578_295.png,canadensis
295,295,arvensis_xc123169_1770.png,arvensis
1502,1502,lagopus_xc149806_590.png,lagopus
1091,1091,pyrrhula_xc83357_0.png,pyrrhula
1353,1353,megarhynchos_xc123808_3245.png,megarhynchos
1485,1485,rustica_xc157331_9735.png,rustica
374,374,arvensis_xc123170_4130.png,arvensis
103,103,striata_xc134042_295.png,striata
2013,2013,borin_xc146260_11800.png,borin
164,164,trivialis_xc99299_0.png,trivialis
76,76,cannabina_xc145534_2655.png,cannabina
1583,1583,rustica_xc157322_885.png,rustica
1010,1010,borin_xc146260_11505.png,borin
968,968,calandra_xc123168_6785.png,calandra
705,705,modularis_xc70132_1180.png,modularis
1053,1053,schoenobaenus_xc120666_4425.png,schoenobaenus
1529,1529,ater_xc132149_2950.png,ater
1775,1775,megarhynchos_xc123808_7965.png,megarhynchos
421,421,citrinella_xc102107_2360.png,citrinella
53,53,citrinella_xc102107_1475.png,citrinella
1250,1250,schoenobaenus_xc120666_6785.png,schoenobaenus
1713,1713,arvensis_xc158166_5310.png,arvensis
42,42,ater_xc132149_1475.png,ater
614,614,rustica_xc157331_12390.png,rustica
1326,1326,apricaria_xc42344_3245.png,apricaria
1036,1036,arvensis_xc123169_17995.png,arvensis
1234,1234,vanellus_xc69855_0.png,vanellus
1546,1546,merula_xc127996_2360.png,merula
807,807,trochilus_xc121601_1770.png,trochilus
1054,1054,vanellus_xc97982_2655.png,vanellus
1790,1790,schoenobaenus_xc120666_1180.png,schoenobaenus
641,641,oenas_xc82971_0.png,oenas
118,118,megarhynchos_xc123808_2065.png,megarhynchos
1487,1487,megarhynchos_xc123808_10620.png,megarhynchos
366,366,rustica_xc157331_8260.png,rustica
1962,1962,iliacus_xc27962_885.png,iliacus
401,401,borin_xc49443_295.png,borin
1341,1341,lagopus_xc130283_295.png,lagopus
740,740,squatarola_xc160879_2065.png,squatarola
1895,1895,trochilus_xc121601_7080.png,trochilus
450,450,vulgaris_xc101936_0.png,vulgaris
858,858,canadensis_xc95381_295.png,canadensis
739,739,cannabina_xc102060_885.png,cannabina
1389,1389,apricaria_xc42344_2065.png,apricaria
489,489,montanus_xc164926_2065.png,montanus
367,367,arvensis_xc123169_11505.png,arvensis
1614,1614,torquilla_xc133054_295.png,torquilla
502,502,arvensis_xc123169_19765.png,arvensis
1737,1737,sibilatrix_xc101934_885.png,sibilatrix
1522,1522,rubecula_xc133862_295.png,rubecula
833,833,corone_xc98400_1180.png,corone
1410,1410,vanellus_xc27060_2950.png,vanellus
1754,1754,palustris_xc46032_885.png,palustris
517,517,ostralegus_xc76241_2065.png,ostralegus
1466,1466,aluco_xc76765_2950.png,aluco
1028,1028,caudatus_xc101371_0.png,caudatus
1133,1133,philomelos_xc132392_2950.png,philomelos
2009,2009,pratensis_xc30614_3540.png,pratensis
923,923,decaocto_xc101940_590.png,decaocto
1671,1671,philomelos_xc132392_4130.png,philomelos
896,896,arvensis_xc123170_19175.png,arvensis
1617,1617,communis_xc76742_2950.png,communis
1818,1818,borin_xc49443_885.png,borin
1321,1321,trochilus_xc121601_4425.png,trochilus
1603,1603,cannabina_xc145534_3245.png,cannabina
1047,1047,pyrrhula_xc146707_1475.png,pyrrhula
1662,1662,trochilus_xc121601_4720.png,trochilus
518,518,scirpaceus_xc124052_2950.png,scirpaceus
31,31,vanellus_xc27060_1770.png,vanellus
231,231,borin_xc146260_13275.png,borin
504,504,stellata_xc58571_295.png,stellata
196,196,pyrrhula_xc146707_590.png,pyrrhula
1357,1357,citrinella_xc102106_295.png,citrinella
1275,1275,communis_xc76742_885.png,communis
1193,1193,rustica_xc157322_295.png,rustica
73,73,corax_xc42224_0.png,corax
1354,1354,corone_xc98400_1475.png,corone
772,772,corax_xc64735_2950.png,corax
653,653,urbicum_xc142697_1475.png,urbicum
36,36,borin_xc146260_4130.png,borin
579,579,borin_xc146260_16225.png,borin
1356,1356,schoenobaenus_xc120666_2065.png,schoenobaenus
250,250,oenas_xc77429_885.png,oenas
213,213,vanellus_xc97982_1475.png,vanellus
1464,1464,coelebs_xc121597_4425.png,coelebs
1011,1011,arvensis_xc123169_590.png,arvensis
1967,1967,oriolus_xc101377_3835.png,oriolus
1287,1287,philomelos_xc132392_4720.png,philomelos
1337,1337,megarhynchos_xc123808_9735.png,megarhynchos
1161,1161,megarhynchos_xc123808_5900.png,megarhynchos
520,520,montanus_xc143465_1180.png,montanus
46,46,montanus_xc143465_3835.png,montanus
1726,1726,turtur_xc40186_295.png,turtur
1615,1615,arvensis_xc123169_9735.png,arvensis
577,577,calandra_xc123168_2065.png,calandra
1694,1694,calandra_xc125777_7965.png,calandra
192,192,aguimp_xc41428_0.png,aguimp
563,563,torquilla_xc133471_1180.png,torquilla
1151,1151,turtur_xc75092_295.png,turtur
1802,1802,cannabina_xc125782_3245.png,cannabina
1210,1210,rubecula_xc30390_885.png,rubecula
1959,1959,arvensis_xc123169_16520.png,arvensis
784,784,rubecula_xc30390_6195.png,rubecula
759,759,arvensis_xc123169_5900.png,arvensis
458,458,apricaria_xc42344_5310.png,apricaria
17,17,schoeniclus_xc86327_885.png,schoeniclus
50,50,calandra_xc123168_1770.png,calandra
590,590,stellata_xc58573_0.png,stellata
2028,2028,communis_xc76742_2360.png,communis
1180,1180,stellata_xc58579_1180.png,stellata
1984,1984,lagopus_xc130283_1180.png,lagopus
1482,1482,stellata_xc58579_3835.png,stellata
1143,1143,rustica_xc157331_5900.png,rustica
1191,1191,chloris_xc99155_295.png,chloris
1548,1548,calandra_xc123167_8260.png,calandra
1364,1364,rustica_xc157331_14160.png,rustica
1313,1313,calandra_xc125777_6785.png,calandra
223,223,arvensis_xc123170_11505.png,arvensis
255,255,merula_xc127996_4425.png,merula
1441,1441,arvensis_xc123169_6490.png,arvensis
1692,1692,rubecula_xc70124_295.png,rubecula
1332,1332,colchicus_xc149146_1475.png,colchicus
1496,1496,borin_xc146260_0.png,borin
279,279,phoenicurus_xc76762_885.png,phoenicurus
175,175,trivialis_xc83705_590.png,trivialis
2008,2008,apiaster_xc148426_295.png,apiaster
1874,1874,chloris_xc28961_0.png,chloris
483,483,merula_xc94958_590.png,merula
877,877,monedula_xc121691_0.png,monedula
1145,1145,ater_xc132149_4425.png,ater
380,380,schoenobaenus_xc120666_4130.png,schoenobaenus
551,551,arvensis_xc123170_19765.png,arvensis
2090,2090,calandra_xc123168_3540.png,calandra
1697,1697,merula_xc127996_2655.png,merula
1127,1127,regulus_xc106846_590.png,regulus
108,108,arvensis_xc123169_5015.png,arvensis
1951,1951,iliacus_xc27962_590.png,iliacus
1909,1909,major_xc72629_0.png,major
1850,1850,curvirostra_xc94211_885.png,curvirostra
1664,1664,arvensis_xc158166_5900.png,arvensis
1211,1211,trochilus_xc146755_0.png,trochilus
409,409,europaea_xc28926_0.png,europaea
2052,2052,coelebs_xc121597_2360.png,coelebs
1921,1921,trochilus_xc121601_9145.png,trochilus
1761,1761,calandra_xc123168_8260.png,calandra
1682,1682,trochilus_xc121601_3540.png,trochilus
2129,2129,rustica_xc157331_8555.png,rustica
1803,1803,megarhynchos_xc123810_2655.png,megarhynchos
568,568,trochilus_xc121601_14160.png,trochilus
337,337,merula_xc127996_7965.png,merula
460,460,rustica_xc157322_3835.png,rustica
1957,1957,rubecula_xc30390_5605.png,rubecula
1119,1119,scirpaceus_xc27999_1180.png,scirpaceus
2136,2136,communis_xc135521_0.png,communis
798,798,apricaria_xc42344_885.png,apricaria
472,472,arvensis_xc123170_9145.png,arvensis
1491,1491,aguimp_xc125137_590.png,aguimp
2125,2125,merula_xc127996_6195.png,merula
819,819,oriolus_xc27152_1770.png,oriolus
1138,1138,megarhynchos_xc123808_2360.png,megarhynchos
686,686,major_xc122555_1770.png,major
2135,2135,scirpaceus_xc124052_2065.png,scirpaceus
1121,1121,argentatus_xc125486_1180.png,argentatus
1747,1747,ostralegus_xc76241_885.png,ostralegus
970,970,montanus_xc143465_0.png,montanus
571,571,totanus_xc110167_885.png,totanus
1469,1469,calandra_xc125777_295.png,calandra
1512,1512,ostralegus_xc76241_0.png,ostralegus
1467,1467,collybita_xc153833_1770.png,collybita
1933,1933,schoenobaenus_xc120664_885.png,schoenobaenus
1012,1012,regulus_xc49540_0.png,regulus
87,87,trochilus_xc99529_590.png,trochilus
2038,2038,merula_xc94958_295.png,merula
909,909,oriolus_xc101377_2655.png,oriolus
948,948,cannabina_xc125782_295.png,cannabina
1889,1889,montanus_xc143465_2065.png,montanus
836,836,philomelos_xc146756_295.png,philomelos
1565,1565,palumbus_xc94614_1180.png,palumbus
634,634,calandra_xc123167_3540.png,calandra
1107,1107,palumbus_xc94614_590.png,palumbus
230,230,scirpaceus_xc124053_2360.png,scirpaceus
594,594,borin_xc146260_3835.png,borin
522,522,calandra_xc123167_11505.png,calandra
157,157,oriolus_xc101377_4130.png,oriolus
1613,1613,megarhynchos_xc123808_9145.png,megarhynchos
721,721,ostralegus_xc53817_1180.png,ostralegus
1071,1071,merula_xc127996_5015.png,merula
1202,1202,carduelis_xc97792_295.png,carduelis
950,950,corone_xc98400_295.png,corone
459,459,apricaria_xc42344_295.png,apricaria
1863,1863,calandra_xc123167_4720.png,calandra
1317,1317,chloropus_xc26789_590.png,chloropus
789,789,arvensis_xc123169_17405.png,arvensis
1606,1606,montanus_xc90122_3540.png,montanus
1827,1827,calandra_xc125777_8555.png,calandra
1861,1861,rustica_xc157322_2655.png,rustica
321,321,striata_xc103145_0.png,striata
452,452,ater_xc132149_4720.png,ater
1945,1945,megarhynchos_xc123808_3835.png,megarhynchos
1976,1976,rustica_xc157279_1475.png,rustica
1236,1236,curvirostra_xc94211_590.png,curvirostra
1557,1557,rustica_xc157322_1475.png,rustica
290,290,trochilus_xc121601_7670.png,trochilus
884,884,trochilus_xc121601_14750.png,trochilus
1177,1177,philomelos_xc132392_5900.png,philomelos
1905,1905,fluviatilis_xc140557_1180.png,fluviatilis
1941,1941,scirpaceus_xc27999_885.png,scirpaceus
1014,1014,sibilatrix_xc101935_590.png,sibilatrix
1197,1197,martius_xc130426_0.png,martius
1264,1264,glareola_xc41816_0.png,glareola
488,488,trochilus_xc121601_8555.png,trochilus
1017,1017,pratensis_xc142431_2655.png,pratensis
937,937,arvensis_xc158166_5015.png,arvensis
997,997,ostralegus_xc76241_590.png,ostralegus
1436,1436,merula_xc127996_885.png,merula
1885,1885,oenas_xc77429_3835.png,oenas
269,269,philomelos_xc132392_4425.png,philomelos
1917,1917,frugilegus_xc143002_295.png,frugilegus
1141,1141,troglodytes_xc59776_0.png,troglodytes
45,45,calandra_xc123168_1475.png,calandra
1841,1841,rustica_xc157279_1180.png,rustica
1323,1323,aluco_xc64728_1475.png,aluco
701,701,megarhynchos_xc123808_885.png,megarhynchos
631,631,calandra_xc123167_9440.png,calandra
1624,1624,rustica_xc157279_4130.png,rustica
117,117,argentatus_xc126481_885.png,argentatus
74,74,cannabina_xc125782_1770.png,cannabina
1266,1266,citrinella_xc145533_295.png,citrinella
974,974,schoenobaenus_xc120666_1475.png,schoenobaenus
1733,1733,urbicum_xc148465_1180.png,urbicum
1097,1097,iliacus_xc121168_0.png,iliacus
8,8,collybita_xc153833_4130.png,collybita
1528,1528,troglodytes_xc133872_0.png,troglodytes
959,959,schoenobaenus_xc120666_0.png,schoenobaenus
603,603,vulgaris_xc42698_1180.png,vulgaris
510,510,decaocto_xc101940_0.png,decaocto
578,578,coelebs_xc121597_0.png,coelebs
218,218,troglodytes_xc133872_1475.png,troglodytes
339,339,arvensis_xc158166_590.png,arvensis
532,532,rustica_xc157279_2950.png,rustica
63,63,alpina_xc83894_0.png,alpina
1335,1335,collybita_xc71748_1180.png,collybita
356,356,scirpaceus_xc124053_3835.png,scirpaceus
2105,2105,rubecula_xc30390_3540.png,rubecula
537,537,apricaria_xc85842_0.png,apricaria
1918,1918,arvensis_xc123169_14160.png,arvensis
1426,1426,arvensis_xc123170_16815.png,arvensis
298,298,decaocto_xc128851_0.png,decaocto
979,979,vulgaris_xc42698_2360.png,vulgaris
1228,1228,arvensis_xc123169_2655.png,arvensis
831,831,borin_xc49443_1180.png,borin
1109,1109,pica_xc121016_2065.png,pica
839,839,atricapilla_xc94967_2360.png,atricapilla
2115,2115,vulgaris_xc144382_2950.png,vulgaris
1454,1454,ostralegus_xc53817_1770.png,ostralegus
880,880,montanus_xc164926_885.png,montanus
1103,1103,caeruleus_xc42178_0.png,caeruleus
656,656,atricapilla_xc99357_1180.png,atricapilla
983,983,citrinella_xc102106_885.png,citrinella
613,613,rustica_xc157331_1770.png,rustica
863,863,cannabina_xc145534_0.png,cannabina
1871,1871,coelebs_xc42803_590.png,coelebs
425,425,borin_xc146260_9735.png,borin
1958,1958,vulgaris_xc144382_3245.png,vulgaris
1186,1186,torquilla_xc133471_5015.png,torquilla
1691,1691,iliacus_xc121168_295.png,iliacus
1403,1403,troglodytes_xc71024_295.png,troglodytes
466,466,rubecula_xc133862_885.png,rubecula
1252,1252,martius_xc98942_0.png,martius
1605,1605,major_xc122555_1475.png,major
1707,1707,rustica_xc157322_590.png,rustica
2031,2031,viridis_xc153131_1180.png,viridis
307,307,ater_xc132149_3540.png,ater
1811,1811,sibilatrix_xc101862_1770.png,sibilatrix
1152,1152,caeruleus_xc131316_2065.png,caeruleus
249,249,merula_xc127996_2950.png,merula
507,507,arvensis_xc123170_2360.png,arvensis
773,773,schoeniclus_xc86327_590.png,schoeniclus
800,800,sibilatrix_xc101862_0.png,sibilatrix
101,101,canorus_xc37447_0.png,canorus
408,408,coelebs_xc121597_3835.png,coelebs
1927,1927,stellata_xc58571_590.png,stellata
3,3,frugilegus_xc143002_590.png,frugilegus
433,433,coelebs_xc122548_1180.png,coelebs
2077,2077,regulus_xc106846_3245.png,regulus
723,723,chloropus_xc26789_0.png,chloropus
933,933,arvensis_xc123170_2655.png,arvensis
259,259,urbicum_xc133444_1475.png,urbicum
436,436,arvensis_xc123169_10620.png,arvensis
827,827,philomelos_xc132392_12685.png,philomelos
110,110,argentatus_xc125486_0.png,argentatus
867,867,frugilegus_xc27145_590.png,frugilegus
1721,1721,pratensis_xc30614_295.png,pratensis
1172,1172,phoenicurus_xc76760_885.png,phoenicurus
99,99,borin_xc102932_3835.png,borin
792,792,martius_xc155975_0.png,martius
286,286,troglodytes_xc71024_885.png,troglodytes
1309,1309,sibilatrix_xc101934_0.png,sibilatrix
1558,1558,calandra_xc125777_590.png,calandra
1245,1245,communis_xc76740_295.png,communis
1219,1219,atricapilla_xc94967_2950.png,atricapilla
2006,2006,palumbus_xc94614_3835.png,palumbus
2078,2078,aguimp_xc41428_295.png,aguimp
1796,1796,borin_xc102932_5015.png,borin
1708,1708,regulus_xc106846_2655.png,regulus
1339,1339,troglodytes_xc71024_3245.png,troglodytes
558,558,collybita_xc153833_1180.png,collybita
1757,1757,palustris_xc46032_1180.png,palustris
464,464,arvensis_xc158166_1180.png,arvensis
340,340,regulus_xc49540_1770.png,regulus
716,716,philomelos_xc132392_2655.png,philomelos
640,640,philomelos_xc132392_9145.png,philomelos
1665,1665,citrinella_xc102107_885.png,citrinella
1821,1821,oenas_xc77429_0.png,oenas
23,23,fluviatilis_xc110303_2360.png,fluviatilis
2102,2102,squatarola_xc160879_0.png,squatarola
683,683,atricapilla_xc94967_3540.png,atricapilla
706,706,torquilla_xc133471_3835.png,torquilla
1048,1048,stellata_xc58573_885.png,stellata
215,215,merula_xc127996_3245.png,merula
1808,1808,aluco_xc67089_2065.png,aluco
1468,1468,rustica_xc157279_1770.png,rustica
95,95,ater_xc132149_295.png,ater
549,549,iliacus_xc27962_2065.png,iliacus
2059,2059,megarhynchos_xc123808_6785.png,megarhynchos
127,127,montanus_xc43764_885.png,montanus
856,856,palumbus_xc94614_0.png,palumbus
1380,1380,borin_xc146260_3245.png,borin
1432,1432,pratensis_xc30614_2950.png,pratensis
758,758,calandra_xc125777_3540.png,calandra
2067,2067,cannabina_xc145534_295.png,cannabina
1574,1574,trochilus_xc121601_10620.png,trochilus
2003,2003,megarhynchos_xc123808_1180.png,megarhynchos
1554,1554,corone_xc96133_295.png,corone
270,270,rubecula_xc30390_5900.png,rubecula
474,474,calandra_xc123167_0.png,calandra
346,346,ater_xc132149_1770.png,ater
1714,1714,cannabina_xc125782_6195.png,cannabina
1478,1478,schoenobaenus_xc120666_590.png,schoenobaenus
730,730,atricapilla_xc99357_0.png,atricapilla
2058,2058,glareola_xc102869_1475.png,glareola
2086,2086,vanellus_xc97982_590.png,vanellus
869,869,trochilus_xc121601_295.png,trochilus
897,897,borin_xc102932_2655.png,borin
1623,1623,megarhynchos_xc123810_1180.png,megarhynchos
207,207,borin_xc146260_590.png,borin
1021,1021,rustica_xc157331_3835.png,rustica
898,898,calandra_xc123167_5605.png,calandra
357,357,oriolus_xc101377_3540.png,oriolus
1489,1489,gallinago_xc90977_0.png,gallinago
239,239,urbicum_xc133444_295.png,urbicum
1089,1089,squatarola_xc160879_1180.png,squatarola
487,487,arvensis_xc158166_5605.png,arvensis
71,71,montanus_xc143465_3540.png,montanus
2046,2046,borin_xc146260_4425.png,borin
1972,1972,caeruleus_xc44203_1475.png,caeruleus
1453,1453,rubecula_xc133862_2065.png,rubecula
1081,1081,ater_xc132149_3245.png,ater
998,998,martius_xc155975_1475.png,martius
1608,1608,arvensis_xc158166_7965.png,arvensis
1282,1282,chloropus_xc26789_295.png,chloropus
2039,2039,familiaris_xc130409_1475.png,familiaris
438,438,fluviatilis_xc110303_1770.png,fluviatilis
2104,2104,trivialis_xc99299_885.png,trivialis
531,531,vanellus_xc27060_1475.png,vanellus
1344,1344,trivialis_xc83705_1180.png,trivialis
477,477,montanus_xc143465_4720.png,montanus
1894,1894,domesticus_xc134291_590.png,domesticus
1257,1257,pratensis_xc30614_1475.png,pratensis
1328,1328,aluco_xc64728_885.png,aluco
2124,2124,scirpaceus_xc124053_6195.png,scirpaceus
726,726,merula_xc127996_7670.png,merula
1064,1064,scirpaceus_xc124052_295.png,scirpaceus
1452,1452,borin_xc102932_4130.png,borin
1973,1973,philomelos_xc132392_2360.png,philomelos
1129,1129,philomelos_xc132392_7670.png,philomelos
1187,1187,cannabina_xc145534_2950.png,cannabina
795,795,ostralegus_xc76241_1475.png,ostralegus
343,343,corax_xc64735_2065.png,corax
2061,2061,frugilegus_xc143002_0.png,frugilegus
1434,1434,totanus_xc110167_0.png,totanus
419,419,caudatus_xc101371_885.png,caudatus
302,302,caeruleus_xc42178_885.png,caeruleus
1562,1562,arvensis_xc123170_13570.png,arvensis
1442,1442,flava_xc69792_295.png,flava
1330,1330,montanus_xc43764_295.png,montanus
870,870,arvensis_xc123169_18585.png,arvensis
70,70,philomelos_xc146756_1770.png,philomelos
1,1,rubecula_xc70124_885.png,rubecula
79,79,arvensis_xc158166_3245.png,arvensis
708,708,stellata_xc58579_5605.png,stellata
350,350,scirpaceus_xc124052_1180.png,scirpaceus
834,834,chloropus_xc82701_2655.png,chloropus
1126,1126,trochilus_xc146755_295.png,trochilus
1114,1114,rustica_xc157322_1180.png,rustica
1278,1278,megarhynchos_xc123808_10325.png,megarhynchos
615,615,decaocto_xc101940_1180.png,decaocto
1729,1729,vulgaris_xc144382_1770.png,vulgaris
1911,1911,arvensis_xc158166_6195.png,arvensis
837,837,oriolus_xc27152_1475.png,oriolus
364,364,troglodytes_xc133872_295.png,troglodytes
1084,1084,calandra_xc123168_2655.png,calandra
338,338,arvensis_xc123170_7375.png,arvensis
1631,1631,flava_xc69792_0.png,flava
1956,1956,glareola_xc102868_0.png,glareola
540,540,caeruleus_xc131316_1475.png,caeruleus
1233,1233,rubecula_xc133862_2950.png,rubecula
513,513,rubecula_xc133862_1180.png,rubecula
2087,2087,megarhynchos_xc123808_5605.png,megarhynchos
710,710,cannabina_xc125782_0.png,cannabina
2119,2119,apricaria_xc42344_0.png,apricaria
12,12,pratensis_xc30614_885.png,pratensis
1782,1782,coelebs_xc121597_2950.png,coelebs
2024,2024,torquilla_xc133471_3245.png,torquilla
1283,1283,scirpaceus_xc124052_2655.png,scirpaceus
1916,1916,schoenobaenus_xc120666_295.png,schoenobaenus
205,205,fluviatilis_xc110303_1180.png,fluviatilis
322,322,megarhynchos_xc132580_885.png,megarhynchos
1451,1451,trivialis_xc99299_590.png,trivialis
1965,1965,glareola_xc102869_0.png,glareola
1920,1920,arvensis_xc123169_13570.png,arvensis
1819,1819,rustica_xc157331_2950.png,rustica
351,351,arvensis_xc158166_7670.png,arvensis
711,711,borin_xc146260_14455.png,borin
1675,1675,schoenobaenus_xc120666_5015.png,schoenobaenus
1373,1373,schoenobaenus_xc120666_3540.png,schoenobaenus
956,956,montanus_xc90122_0.png,montanus
720,720,philomelos_xc132392_10325.png,philomelos
386,386,rustica_xc157331_4720.png,rustica
143,143,calandra_xc125777_3245.png,calandra
793,793,montanus_xc90122_4130.png,montanus
508,508,trivialis_xc83705_885.png,trivialis
68,68,arvensis_xc123169_4720.png,arvensis
864,864,ostralegus_xc53817_590.png,ostralegus
1415,1415,philomelos_xc132392_12095.png,philomelos
1413,1413,troglodytes_xc133872_1180.png,troglodytes
1150,1150,arvensis_xc123169_4130.png,arvensis
674,674,schoenobaenus_xc120666_3835.png,schoenobaenus
1720,1720,troglodytes_xc133872_1770.png,troglodytes
1838,1838,borin_xc102932_885.png,borin
1727,1727,arvensis_xc123169_4425.png,arvensis
899,899,schoenobaenus_xc120666_4720.png,schoenobaenus
1204,1204,torquilla_xc133054_1180.png,torquilla
1263,1263,iliacus_xc27962_295.png,iliacus
1279,1279,oenas_xc77429_2655.png,oenas
294,294,schoeniclus_xc102803_885.png,schoeniclus
916,916,arvensis_xc123169_15930.png,arvensis
936,936,arvensis_xc158166_2950.png,arvensis
497,497,rustica_xc157331_7375.png,rustica
1155,1155,calandra_xc123168_7375.png,calandra
928,928,palumbus_xc94615_0.png,palumbus
2002,2002,iliacus_xc27962_0.png,iliacus
1604,1604,urbicum_xc142697_1180.png,urbicum
355,355,pica_xc121016_1770.png,pica
1031,1031,collybita_xc153833_5310.png,collybita
1833,1833,monedula_xc156262_1180.png,monedula
929,929,megarhynchos_xc123810_6490.png,megarhynchos
1820,1820,scirpaceus_xc124053_2065.png,scirpaceus
457,457,oriolus_xc27152_2065.png,oriolus
1195,1195,urbicum_xc148465_1770.png,urbicum
818,818,fluviatilis_xc110303_2655.png,fluviatilis
253,253,domesticus_xc134291_885.png,domesticus
1256,1256,merula_xc127996_5310.png,merula
1212,1212,megarhynchos_xc123808_9440.png,megarhynchos
284,284,rubecula_xc30390_5015.png,rubecula
119,119,arvensis_xc123170_5015.png,arvensis
384,384,torquilla_xc133054_2065.png,torquilla
900,900,rustica_xc157331_12095.png,rustica
703,703,glandarius_xc46223_1770.png,glandarius
2056,2056,pica_xc121016_1475.png,pica
303,303,stellata_xc58573_2065.png,stellata
1058,1058,carduelis_xc97792_1180.png,carduelis
1551,1551,scirpaceus_xc124053_295.png,scirpaceus
318,318,stellata_xc58573_590.png,stellata
204,204,arvensis_xc123169_16225.png,arvensis
1475,1475,megarhynchos_xc123808_4720.png,megarhynchos
1215,1215,arvensis_xc123170_14455.png,arvensis
853,853,martius_xc155975_590.png,martius
229,229,schoenobaenus_xc120664_0.png,schoenobaenus
1153,1153,calandra_xc125777_9440.png,calandra
155,155,arvensis_xc123170_6195.png,arvensis
142,142,torquilla_xc133471_3540.png,torquilla
375,375,palustris_xc46032_0.png,palustris
91,91,ostralegus_xc25754_295.png,ostralegus
61,61,philomelos_xc146756_1180.png,philomelos
2072,2072,apivorus_xc146062_295.png,apivorus
1633,1633,scirpaceus_xc124053_590.png,scirpaceus
2103,2103,oriolus_xc27152_2950.png,oriolus
987,987,apricaria_xc42344_2655.png,apricaria
416,416,modularis_xc94669_295.png,modularis
1073,1073,regulus_xc78958_0.png,regulus
354,354,oenas_xc89994_1180.png,oenas
1483,1483,rustica_xc157331_7965.png,rustica
605,605,montanus_xc143465_7375.png,montanus
188,188,arvensis_xc123170_6785.png,arvensis
1486,1486,philomelos_xc96608_3245.png,philomelos
1643,1643,borin_xc49443_3540.png,borin
257,257,calandra_xc123168_5605.png,calandra
1358,1358,cannabina_xc125782_6785.png,cannabina
1630,1630,trochilus_xc121601_5310.png,trochilus
1994,1994,troglodytes_xc71024_2950.png,troglodytes
27,27,aluco_xc64728_590.png,aluco
1549,1549,rustica_xc157331_12980.png,rustica
186,186,oriolus_xc27152_2360.png,oriolus
1561,1561,calandra_xc123168_5310.png,calandra
620,620,troglodytes_xc59776_295.png,troglodytes
1065,1065,rubecula_xc30390_0.png,rubecula
1366,1366,curvirostra_xc99862_1180.png,curvirostra
618,618,citrinella_xc145533_1770.png,citrinella
1813,1813,martius_xc155975_1180.png,martius
55,55,vulgaris_xc144382_1180.png,vulgaris
1717,1717,calandra_xc125777_9735.png,calandra
1742,1742,megarhynchos_xc123810_2360.png,megarhynchos
2027,2027,philomelos_xc96608_2950.png,philomelos
147,147,rubecula_xc133862_2360.png,rubecula
1232,1232,cannabina_xc125782_7670.png,cannabina
521,521,merula_xc127996_10325.png,merula
1009,1009,corax_xc143170_295.png,corax
77,77,rustica_xc157331_3245.png,rustica
1457,1457,trochilus_xc121601_13570.png,trochilus
1799,1799,scirpaceus_xc124053_6490.png,scirpaceus
958,958,corone_xc98400_1770.png,corone
281,281,borin_xc49443_3245.png,borin
1019,1019,arvensis_xc123170_17995.png,arvensis
944,944,apricaria_xc85842_295.png,apricaria
490,490,cannabina_xc125782_9145.png,cannabina
719,719,rustica_xc157279_0.png,rustica
913,913,scirpaceus_xc124052_885.png,scirpaceus
1209,1209,fluviatilis_xc110303_885.png,fluviatilis
1978,1978,rustica_xc157331_1180.png,rustica
947,947,rustica_xc157279_590.png,rustica
1102,1102,trochilus_xc121601_2065.png,trochilus
54,54,schoeniclus_xc102803_590.png,schoeniclus
2099,2099,vulgaris_xc144382_2360.png,vulgaris
1792,1792,arvensis_xc123170_3540.png,arvensis
2121,2121,citrinella_xc102107_2950.png,citrinella
1481,1481,calandra_xc123168_8555.png,calandra
1026,1026,borin_xc146260_7375.png,borin
1242,1242,oenas_xc77429_2360.png,oenas
1705,1705,chloropus_xc26789_5310.png,chloropus
2011,2011,citrinella_xc102106_590.png,citrinella
514,514,arvensis_xc123170_16520.png,arvensis
379,379,arvensis_xc123170_17110.png,arvensis
264,264,arvensis_xc158166_4130.png,arvensis
1591,1591,coelebs_xc42803_3540.png,coelebs
349,349,flammea_xc132608_590.png,flammea
1760,1760,arvensis_xc123170_12980.png,arvensis
707,707,fluviatilis_xc140557_2950.png,fluviatilis
1640,1640,stellata_xc58579_5900.png,stellata
1519,1519,fluviatilis_xc140557_1475.png,fluviatilis
920,920,caeruleus_xc44203_1180.png,caeruleus
2000,2000,merula_xc127996_0.png,merula
1509,1509,schoenobaenus_xc120666_2950.png,schoenobaenus
728,728,calandra_xc123168_295.png,calandra
178,178,perdix_xc42430_0.png,perdix
1930,1930,trochilus_xc121601_10915.png,trochilus
1974,1974,trochilus_xc121601_13275.png,trochilus
256,256,megarhynchos_xc123808_0.png,megarhynchos
184,184,trochilus_xc121601_4130.png,trochilus
782,782,rustica_xc157331_12685.png,rustica
914,914,rubecula_xc70124_1180.png,rubecula
180,180,arvensis_xc123170_11800.png,arvensis
745,745,apus_xc139552_0.png,apus
495,495,apiaster_xc97194_0.png,apiaster
1593,1593,rustica_xc157331_13570.png,rustica
325,325,familiaris_xc70129_885.png,familiaris
698,698,chloropus_xc26789_6195.png,chloropus
1915,1915,megarhynchos_xc123810_3835.png,megarhynchos
359,359,schoenobaenus_xc120664_1180.png,schoenobaenus
1556,1556,decaocto_xc128851_590.png,decaocto
51,51,chloropus_xc26789_2065.png,chloropus
167,167,chloropus_xc82701_2360.png,chloropus
1316,1316,regulus_xc106846_1180.png,regulus
582,582,oriolus_xc101377_2065.png,oriolus
476,476,aluco_xc76765_2655.png,aluco
2023,2023,chloropus_xc26789_4130.png,chloropus
24,24,atricapilla_xc94967_0.png,atricapilla
1140,1140,philomelos_xc132392_15340.png,philomelos
2035,2035,atricapilla_xc94967_885.png,atricapilla
1314,1314,apiaster_xc141026_2065.png,apiaster
2041,2041,atricapilla_xc94967_590.png,atricapilla
1582,1582,turtur_xc40186_885.png,turtur
2064,2064,megarhynchos_xc123808_11505.png,megarhynchos
126,126,decaocto_xc101940_885.png,decaocto
876,876,aguimp_xc125137_1475.png,aguimp
368,368,arvensis_xc123169_15340.png,arvensis
430,430,oenas_xc77429_1475.png,oenas
2126,2126,merula_xc127996_9735.png,merula
927,927,scirpaceus_xc27999_1770.png,scirpaceus
1375,1375,monedula_xc156262_295.png,monedula
20,20,corax_xc64735_295.png,corax
799,799,stellata_xc58579_3245.png,stellata
145,145,megarhynchos_xc123810_1475.png,megarhynchos
1156,1156,major_xc98172_295.png,major
276,276,arvensis_xc123170_8850.png,arvensis
228,228,oriolus_xc27152_0.png,oriolus
1654,1654,palumbus_xc130993_295.png,palumbus
845,845,phoenicurus_xc76762_0.png,phoenicurus
1722,1722,rustica_xc157331_13865.png,rustica
769,769,schoenobaenus_xc120666_1770.png,schoenobaenus
1949,1949,vanellus_xc27060_2065.png,vanellus
539,539,familiaris_xc130409_2065.png,familiaris
1001,1001,cannabina_xc125782_8260.png,cannabina
1844,1844,pyrrhula_xc146707_1770.png,pyrrhula
323,323,apiaster_xc97194_590.png,apiaster
1904,1904,sibilatrix_xc101935_295.png,sibilatrix
591,591,calandra_xc123167_8555.png,calandra
1779,1779,scirpaceus_xc27999_590.png,scirpaceus
2030,2030,aluco_xc76765_1475.png,aluco
778,778,troglodytes_xc71024_1180.png,troglodytes
1381,1381,chloropus_xc82701_0.png,chloropus
810,810,trochilus_xc121601_7375.png,trochilus
1902,1902,sibilatrix_xc101935_1475.png,sibilatrix
1530,1530,corax_xc64735_885.png,corax
1786,1786,cannabina_xc125782_4425.png,cannabina
1294,1294,glandarius_xc142908_0.png,glandarius
1477,1477,glareola_xc41816_295.png,glareola
1223,1223,striata_xc139372_885.png,striata
1510,1510,borin_xc146260_13865.png,borin
1996,1996,borin_xc146260_9145.png,borin
21,21,torquilla_xc133054_2360.png,torquilla
1042,1042,flava_xc102788_0.png,flava
299,299,regulus_xc106846_2065.png,regulus
1334,1334,citrinella_xc145533_590.png,citrinella
1015,1015,coelebs_xc121597_885.png,coelebs
1508,1508,apricaria_xc42344_4720.png,apricaria
2073,2073,fluviatilis_xc140557_0.png,fluviatilis
1372,1372,oriolus_xc101377_295.png,oriolus
320,320,torquilla_xc108002_0.png,torquilla
1938,1938,stellata_xc58573_295.png,stellata
1293,1293,iliacus_xc121168_590.png,iliacus
415,415,cannabina_xc145534_2360.png,cannabina
962,962,arvensis_xc123170_5605.png,arvensis
1164,1164,montanus_xc164926_1770.png,montanus
158,158,urbicum_xc142697_295.png,urbicum
1750,1750,atricapilla_xc94967_3835.png,atricapilla
1651,1651,rustica_xc157331_11210.png,rustica
903,903,communis_xc135521_1180.png,communis
830,830,montanus_xc143465_6490.png,montanus
990,990,corax_xc64735_1180.png,corax
1504,1504,argentatus_xc154285_0.png,argentatus
1677,1677,arvensis_xc123170_1475.png,arvensis
1157,1157,rustica_xc157331_3540.png,rustica
254,254,arvensis_xc123170_18290.png,arvensis
469,469,canorus_xc37447_295.png,canorus
664,664,borin_xc146260_9440.png,borin
1022,1022,megarhynchos_xc123808_1770.png,megarhynchos
1702,1702,corax_xc64735_3540.png,corax
1616,1616,chloropus_xc26789_1180.png,chloropus
89,89,montanus_xc143465_6195.png,montanus
649,649,calandra_xc123167_7965.png,calandra
1237,1237,palumbus_xc94615_295.png,palumbus
1650,1650,major_xc94652_0.png,major
428,428,arvensis_xc123170_8260.png,arvensis
835,835,merula_xc127996_4720.png,merula
107,107,curvirostra_xc94211_0.png,curvirostra
397,397,philomelos_xc96608_1475.png,philomelos
404,404,oriolus_xc27152_295.png,oriolus
1246,1246,calandra_xc125777_1180.png,calandra
1083,1083,merula_xc127996_1180.png,merula
1025,1025,calandra_xc123167_10325.png,calandra
165,165,aluco_xc67089_885.png,aluco
2016,2016,flava_xc36637_0.png,flava
1431,1431,philomelos_xc132392_2065.png,philomelos
1105,1105,megarhynchos_xc123808_7375.png,megarhynchos
893,893,argentatus_xc154285_590.png,argentatus
2040,2040,familiaris_xc130409_2655.png,familiaris
660,660,rubecula_xc30390_3245.png,rubecula
2092,2092,carduelis_xc133886_0.png,carduelis
771,771,glandarius_xc46223_0.png,glandarius
1049,1049,montanus_xc143465_7670.png,montanus
561,561,frugilegus_xc143002_885.png,frugilegus
849,849,caeruleus_xc44203_295.png,caeruleus
1794,1794,stellata_xc58579_1770.png,stellata
1797,1797,communis_xc76742_2065.png,communis
1780,1780,stellata_xc58571_2065.png,stellata
1865,1865,oenas_xc77429_3245.png,oenas
1376,1376,europaea_xc78951_295.png,europaea
441,441,cannabina_xc125782_5310.png,cannabina
1523,1523,schoeniclus_xc86327_0.png,schoeniclus
1627,1627,domesticus_xc151150_590.png,domesticus
1430,1430,apiaster_xc141026_885.png,apiaster
1052,1052,apivorus_xc113089_0.png,apivorus
599,599,schoenobaenus_xc120666_2655.png,schoenobaenus
512,512,phoenicurus_xc76762_590.png,phoenicurus
975,975,arvensis_xc123169_20650.png,arvensis
1342,1342,atricapilla_xc99357_590.png,atricapilla
847,847,glareola_xc102869_295.png,glareola
939,939,vanellus_xc97982_3540.png,vanellus
396,396,merula_xc127996_8260.png,merula
850,850,troglodytes_xc59776_590.png,troglodytes
424,424,arvensis_xc123170_10915.png,arvensis
2107,2107,borin_xc146260_885.png,borin
633,633,pratensis_xc142431_2065.png,pratensis
246,246,chloris_xc99155_590.png,chloris
1812,1812,coelebs_xc42803_2065.png,coelebs
2036,2036,familiaris_xc146753_295.png,familiaris
682,682,decaocto_xc101941_590.png,decaocto
1224,1224,megarhynchos_xc123810_6785.png,megarhynchos
1753,1753,pyrrhula_xc113905_0.png,pyrrhula
1096,1096,megarhynchos_xc123808_12685.png,megarhynchos
1270,1270,vulgaris_xc144382_1475.png,vulgaris
1421,1421,arvensis_xc123169_17700.png,arvensis
1450,1450,coelebs_xc42803_0.png,coelebs
2012,2012,chloropus_xc82701_1180.png,chloropus
1112,1112,fluviatilis_xc110303_3540.png,fluviatilis
392,392,calandra_xc123167_6195.png,calandra
1699,1699,fluviatilis_xc140557_2360.png,fluviatilis
1887,1887,trochilus_xc121601_11210.png,trochilus
1113,1113,glareola_xc41816_885.png,glareola
385,385,trochilus_xc121601_9440.png,trochilus
2080,2080,vanellus_xc69855_295.png,vanellus
1724,1724,trochilus_xc99529_885.png,trochilus
372,372,stellata_xc58579_4130.png,stellata
41,41,arvensis_xc123170_0.png,arvensis
774,774,calandra_xc125777_5605.png,calandra
2042,2042,schoenobaenus_xc120666_5605.png,schoenobaenus
348,348,cannabina_xc125782_5015.png,cannabina
1599,1599,apricaria_xc42343_1770.png,apricaria
291,291,aluco_xc76765_2065.png,aluco
57,57,trochilus_xc121601_0.png,trochilus
2050,2050,aluco_xc76765_3245.png,aluco
840,840,collybita_xc121963_295.png,collybita
2022,2022,atricapilla_xc94967_1770.png,atricapilla
946,946,chloropus_xc26789_3540.png,chloropus
1217,1217,chloropus_xc26789_2655.png,chloropus
1032,1032,arvensis_xc123170_11210.png,arvensis
1200,1200,cannabina_xc145534_3835.png,cannabina
1963,1963,coelebs_xc121597_4720.png,coelebs
1809,1809,scirpaceus_xc124052_3540.png,scirpaceus
654,654,collybita_xc71748_590.png,collybita
761,761,rubecula_xc133862_2655.png,rubecula
1837,1837,troglodytes_xc133872_2065.png,troglodytes
1520,1520,oenas_xc77429_2950.png,oenas
691,691,lagopus_xc71943_0.png,lagopus
704,704,arvensis_xc123170_4720.png,arvensis
626,626,torquilla_xc108002_295.png,torquilla
1006,1006,calandra_xc123167_11800.png,calandra
1968,1968,palustris_xc46032_1770.png,palustris
1221,1221,megarhynchos_xc123810_3540.png,megarhynchos
1580,1580,borin_xc102932_295.png,borin
1831,1831,arvensis_xc123170_15635.png,arvensis
2110,2110,curvirostra_xc99862_295.png,curvirostra
1763,1763,monedula_xc156262_885.png,monedula
1625,1625,borin_xc146260_7965.png,borin
1881,1881,fluviatilis_xc110303_0.png,fluviatilis
300,300,domesticus_xc151150_1180.png,domesticus
992,992,aluco_xc64728_295.png,aluco
1961,1961,philomelos_xc132392_5605.png,philomelos
462,462,calandra_xc125777_0.png,calandra
1622,1622,ater_xc132149_2655.png,ater
1828,1828,caeruleus_xc44203_2065.png,caeruleus
1906,1906,calandra_xc125777_9145.png,calandra
1101,1101,trivialis_xc83705_295.png,trivialis
1879,1879,arvensis_xc123170_16225.png,arvensis
696,696,chloropus_xc26789_2360.png,chloropus
67,67,rubecula_xc30390_4130.png,rubecula
301,301,arvensis_xc123170_590.png,arvensis
1681,1681,trochilus_xc121601_14455.png,trochilus
585,585,pratensis_xc30614_4425.png,pratensis
1601,1601,lagopus_xc130283_0.png,lagopus
136,136,apricaria_xc42344_2360.png,apricaria
838,838,philomelos_xc132392_11800.png,philomelos
423,423,megarhynchos_xc123810_885.png,megarhynchos
592,592,chloropus_xc26789_5015.png,chloropus
755,755,arvensis_xc123170_15340.png,arvensis
387,387,palumbus_xc94614_4130.png,palumbus
1907,1907,megarhynchos_xc123808_14455.png,megarhynchos
1500,1500,trochilus_xc121601_12390.png,trochilus
2100,2100,domesticus_xc151150_1770.png,domesticus
760,760,arvensis_xc123170_15930.png,arvensis
104,104,philomelos_xc132392_8555.png,philomelos
182,182,pratensis_xc30614_590.png,pratensis
1563,1563,cannabina_xc145534_4130.png,cannabina
141,141,stellata_xc58579_5310.png,stellata
667,667,aluco_xc76765_2360.png,aluco
637,637,apivorus_xc145738_590.png,apivorus
646,646,megarhynchos_xc123808_10030.png,megarhynchos
638,638,atricapilla_xc94967_1180.png,atricapilla
996,996,vanellus_xc69855_885.png,vanellus
668,668,arvensis_xc158166_7375.png,arvensis
292,292,ater_xc95058_295.png,ater
1910,1910,megarhynchos_xc123808_14160.png,megarhynchos
918,918,scirpaceus_xc124053_2655.png,scirpaceus
1198,1198,scirpaceus_xc124052_1770.png,scirpaceus
734,734,trivialis_xc99299_1180.png,trivialis
111,111,rustica_xc157331_0.png,rustica
1284,1284,domesticus_xc151150_0.png,domesticus
511,511,chloropus_xc82701_590.png,chloropus
1931,1931,turtur_xc40186_590.png,turtur
678,678,corax_xc64735_2360.png,corax
1303,1303,calandra_xc125777_5015.png,calandra
267,267,troglodytes_xc71024_0.png,troglodytes
1090,1090,scirpaceus_xc124053_4720.png,scirpaceus
1924,1924,arvensis_xc158166_0.png,arvensis
2025,2025,megarhynchos_xc123810_2065.png,megarhynchos
1396,1396,trochilus_xc121601_8260.png,trochilus
1144,1144,major_xc71454_885.png,major
1239,1239,philomelos_xc146756_885.png,philomelos
632,632,aguimp_xc125137_295.png,aguimp
444,444,argentatus_xc125486_590.png,argentatus
1704,1704,urbicum_xc148465_590.png,urbicum
825,825,arvensis_xc158166_2360.png,arvensis
1942,1942,trochilus_xc121601_15340.png,trochilus
232,232,rubecula_xc133862_0.png,rubecula
1051,1051,familiaris_xc70129_1180.png,familiaris
479,479,fluviatilis_xc140557_590.png,fluviatilis
1272,1272,borin_xc49443_2360.png,borin
273,273,philomelos_xc132392_13275.png,philomelos
442,442,trivialis_xc33395_590.png,trivialis
1695,1695,major_xc122555_295.png,major
361,361,curvirostra_xc99862_2950.png,curvirostra
174,174,calandra_xc123168_0.png,calandra
258,258,trivialis_xc83705_0.png,trivialis
1310,1310,modularis_xc70132_295.png,modularis
1248,1248,argentatus_xc154285_295.png,argentatus
1322,1322,communis_xc76742_1180.png,communis
1946,1946,major_xc122555_1180.png,major
1425,1425,familiaris_xc130409_1180.png,familiaris
1762,1762,rustica_xc157331_295.png,rustica
26,26,canadensis_xc94584_295.png,canadensis
2063,2063,collybita_xc153833_4720.png,collybita
809,809,megarhynchos_xc123808_8850.png,megarhynchos
1412,1412,fluviatilis_xc110303_590.png,fluviatilis
315,315,curvirostra_xc99862_3540.png,curvirostra
144,144,merula_xc127996_7375.png,merula
543,543,fluviatilis_xc140557_295.png,fluviatilis
645,645,oenas_xc89994_1770.png,oenas
882,882,canadensis_xc35578_0.png,canadensis
172,172,montanus_xc143465_2655.png,montanus
248,248,aluco_xc76765_0.png,aluco
1759,1759,cannabina_xc125782_5605.png,cannabina
1860,1860,oenas_xc89994_0.png,oenas
680,680,schoenobaenus_xc120666_3245.png,schoenobaenus
1602,1602,oriolus_xc101377_885.png,oriolus
1876,1876,philomelos_xc132392_12980.png,philomelos
1817,1817,borin_xc146260_6785.png,borin
272,272,urbicum_xc148465_885.png,urbicum
395,395,schoenobaenus_xc120666_7080.png,schoenobaenus
965,965,scirpaceus_xc124052_2360.png,scirpaceus
754,754,vanellus_xc69855_590.png,vanellus
1435,1435,canorus_xc33392_0.png,canorus
1214,1214,cannabina_xc125782_1475.png,cannabina
1359,1359,merula_xc127996_9440.png,merula
1789,1789,trochilus_xc121601_5900.png,trochilus
1384,1384,rustica_xc157331_4425.png,rustica
56,56,argentatus_xc125486_295.png,argentatus
1575,1575,borin_xc146260_5015.png,borin
943,943,calandra_xc123167_885.png,calandra
526,526,merula_xc127996_1770.png,merula
1369,1369,arvensis_xc123170_295.png,arvensis
2118,2118,oriolus_xc101377_3245.png,oriolus
151,151,philomelos_xc132392_295.png,philomelos
977,977,trochilus_xc121601_1475.png,trochilus
881,881,corax_xc64735_3245.png,corax
1564,1564,arvensis_xc158166_4425.png,arvensis
81,81,chloropus_xc82701_1770.png,chloropus
535,535,squatarola_xc160879_885.png,squatarola
753,753,schoenobaenus_xc120664_295.png,schoenobaenus
125,125,arvensis_xc123169_8555.png,arvensis
236,236,philomelos_xc132392_590.png,philomelos
1995,1995,oenas_xc89994_590.png,oenas
1649,1649,atricapilla_xc99357_885.png,atricapilla
966,966,arvensis_xc123170_15045.png,arvensis
382,382,trochilus_xc121601_5015.png,trochilus
1989,1989,martius_xc130426_295.png,martius
559,559,aluco_xc67089_1770.png,aluco
360,360,domesticus_xc29766_590.png,domesticus
1108,1108,philomelos_xc132392_3245.png,philomelos
1538,1538,calandra_xc123168_4425.png,calandra
1952,1952,cannabina_xc145534_1475.png,cannabina
911,911,ostralegus_xc53817_885.png,ostralegus
1953,1953,calandra_xc123167_9145.png,calandra
1199,1199,carduelis_xc97792_0.png,carduelis
1588,1588,colchicus_xc149146_2065.png,colchicus
1541,1541,arvensis_xc123169_20060.png,arvensis
817,817,sibilatrix_xc101862_1475.png,sibilatrix
176,176,pratensis_xc142431_885.png,pratensis
1111,1111,arvensis_xc123170_10325.png,arvensis
1988,1988,coelebs_xc121597_2065.png,coelebs
